st_mass,st_age
0.891,3.3
0.88,6.1
0.95,2.4
0.635,9.4
1.025,6.1
1.138,5.7
0.88,7.0
1.033,8.0
1.41,2.69
1.127,4.4
0.416,1.5
1.022,0.7
1.093,4.67
0.94,4.68
1.24,2.3
0.98,0.5
1.32,3.5
1.28,3.24
0.99,9.3
0.922,4.9
1.0,5.3
1.03,5.37
0.952,9.12
0.89,4.37
1.21,3.31
0.81,6.46
1.01,5.8
0.848,11.75
0.982,5.6
0.895,1.4
0.95,4.47
1.11,3.55
0.82,1.95
1.07,2.9
0.9042,5.5
1.23,2.97
1.041,8.91
0.96,4.27
1.05,4.07
0.57,2.69
0.88,5.0
1.18,3.17
0.84,4.47
1.03,4.9
0.79,4.57
0.91,4.27
0.534,1.6
1.0,8.5
0.627,13.9
1.291,4.27
0.8,5.13
1.02,4.17
0.927,9.12
0.96,4.79
0.81,5.25
1.104,0.3
0.877,0.93
1.14,2.81
0.864,5.13
1.7,1.74
0.93,4.37
0.943,0.6
1.06,3.98
1.33,4.0
1.01,4.9
0.86,4.68
0.91,4.27
0.9,4.17
1.186,3.47
1.18,0.23
0.98,6.17
0.33,2.0
0.8,4.9
1.26,3.39
0.95,5.01
0.97,3.72
1.004,0.5
1.11,1.77
1.13,7.76
1.14,7.2
0.9,4.27
1.19,2.88
0.63,5.62
0.99,3.8
1.291,4.27
0.84,4.9
1.4,2.9
0.96,4.27
1.27,4.365
0.959,0.6
1.1,2.04
1.17,2.73
1.07,0.3
1.51,1.64
1.14,2.95
0.76,2.51
1.11,2.24
1.05,2.0
1.023,0.3
0.69,2.4
0.97,4.9
1.01,12.0
0.97,7.6
1.078,6.46
1.09,3.55
0.965,6.92
0.84,1.86
0.92,7.7
0.94,4.37
0.94,5.01
0.95,4.07
1.19,0.24
0.926,2.4
0.552,13.6
0.688,11.0
0.896,9.0
1.26,3.1
0.85,6.1
0.577,7.2
0.91,4.17
0.909,14.0
0.825,2.82
1.2,6.0
1.084,5.1
0.778,8.1
1.22,2.5
0.8,1.41
0.495,2.9
0.339,8.2
1.1,5.62
0.826,13.6
0.913,1.32
1.03,0.075
1.26,1.1
1.218,2.0
0.83,3.8
0.383,5.0
1.212,1.4
0.601,1.0
0.77,1.0
0.85,5.13
1.11,3.72
1.2,4.5
1.06,6.3
0.34,7.5
0.92,9.12
0.789,7.2
0.8,7.5
0.79,4.47
0.453,7.5
0.892,5.3
0.742,0.65
0.91,10.6
0.876,11.7
0.941,6.76
0.843,0.7
0.84,12.3
0.895,11.9
1.12,3.6
0.98,6.56
0.957,8.32
0.94,4.7
0.936,0.8
1.251,5.32
1.012,9.8
1.015,5.4
1.467,2.7
1.17,3.24
0.789,7.2
1.013,4.2
1.01,6.32
0.922,7.24
0.92,7.0
0.606,10.0
0.734,2.03
1.22,0.017
0.157,3.0
1.334,0.7
0.81,8.7
1.259,3.02
1.07,0.4
0.92,7.0
1.238,4.29
0.753,10.0
0.8889,6.3
0.89,10.0
0.679,6.2
1.859,1.0
0.416,1.5
0.606,10.0
0.79,7.6
0.7528,5.9
1.09,5.3
1.17,8.13
0.97,4.9
0.91,10.6
0.952,3.16
0.9552,6.5
0.495,1.3
0.91,4.07
1.0,4.68
0.23,0.3
1.307,6.6
1.036,2.45
1.516,0.83
0.744,0.9
1.19,2.59
0.746,6.31
1.183,2.3
0.34,4.6
1.8,2.5
0.8889,6.3
1.07,5.5
1.19,2.9
1.014,1.2
1.21,4.9
1.26,2.04
0.83,13.2
1.28,3.0
0.904,7.2
0.88,11.4
0.368,5.1
1.219,2.3
0.803,1.07
0.803,1.1
1.215,4.27
0.95,5.25
0.344,7.8
1.028,5.25
0.123,5.5
0.892,5.3
1.013,4.2
0.85,0.204
0.803,1.1
0.824,0.34
1.1,2.04
0.552,13.8
0.833,13.18
0.821,9.4
1.078,2.82
1.16,3.96
1.242,4.27
1.29,0.75
0.97,4.42
0.743,7.0
1.22,2.5
0.642,13.9
0.95,4.68
0.727,13.8
0.543,14.0
1.18,2.67
1.02,4.27
1.36,0.2
1.08,5.7
0.83,0.625
1.4,0.65
1.03,6.7
0.745,6.6
0.901,11.2
0.98,4.1
0.909,14.0
0.98,6.0
0.544,1.4
1.06,6.5
0.95,1.58
0.8,0.5
1.15,3.97
0.883,0.338
1.22,5.25
1.02,4.4
0.993,0.78
0.8,3.9
1.133,2.7
0.46,0.0064
0.803,1.1
0.495,2.9
0.8,4.07
0.91,3.49
0.821,9.4
0.7795,5.0
1.64,2.0
1.12,7.4
1.47,3.42
0.842,8.5
1.247,1.9
0.927,2.57
1.33,2.14
1.05,0.6
0.95,1.6
0.62,3.98
0.94,4.68
1.134,5.89
0.9835,4.9
0.559,7.0
0.743,5.0
0.981,5.1
0.836,10.71
0.853,4.3
0.91,10.6
1.16,5.37
0.8222,13.9
0.81,8.7
1.03,2.56
1.01,4.37
0.7,5.76
0.92,3.89
1.054,6.1
0.881,5.37
1.71,1.6
1.235,3.16
1.0404,0.7
0.95,5.25
1.234,4.604
1.21,5.29
0.596,5.0
1.9,0.115
1.04,5.73
0.89,8.8
0.914,7.0
0.89,10.0
0.9452,8.6
1.097,6.6
1.3,1.82
1.4,1.7
0.803,6.0
0.81,8.7
1.06,6.31
1.538,2.25
0.601,1.0
0.99,6.92
1.112,1.9
0.89,12.1
0.8253,7.5
0.861,6.5
1.05,7.96
0.8222,13.9
0.771,7.2
1.134,2.1
1.33,2.14
1.408,2.84
1.239,3.5
1.391,3.2
1.002,1.0
1.183,2.3
1.6,0.03
1.12,3.6
0.549,6.9
1.024,1.7
0.626,16.8
1.0363,3.2
0.805,10.0
1.013,7.0
0.929,5.6
0.97,4.9
0.552,13.6
1.308,2.6
1.394,2.9
1.119,3.1
0.89,5.6
1.013,7.0
0.99,0.414
0.62,1.0
0.8772,1.1
0.782,3.2
1.227,3.2
1.216,0.5
0.803,5.3
1.24,5.4
0.95,5.25
1.023,7.3
1.29,0.95
0.807,7.2
0.912,8.0
0.683,3.4
0.97,4.42
0.822,13.8
0.84,4.68
1.211,5.4
1.278,3.0
0.313,7.1
0.62,5.465
0.8,5.66
0.803,6.0
1.06,1.5
1.019,4.6
1.08,3.8
0.97,4.07
0.97,2.2
1.0404,0.7
0.556,7.4
1.12,1.95
0.91,10.6
1.01,0.105
1.084,5.1
0.8557,2.7
0.563,7.4
0.984,4.2
2.19,0.94
0.877,5.0
1.187,4.4
1.414,2.69
0.94,6.4
1.013,7.0
1.85,0.264
0.981,3.5
0.708,6.3
0.59,7.1
0.82,2.04
0.98,6.56
0.95,5.5
1.078,2.82
1.2,1.15
0.73,0.48
0.92,7.0
0.91,10.6
0.655,13.9
1.12,6.03
1.325,3.39
1.17,3.85
1.021,9.4
0.793,12.3
0.715,12.0
1.47,0.015
0.84,13.5
1.33,2.14
0.912,1.29
0.477,5.0
1.12,7.4
1.39,3.4
0.8,1.41
0.345,7.0
0.495,1.3
1.023,5.01
0.852,10.2
1.13,1.2
0.678,5.4
0.8,9.0
0.879,0.036
0.761,0.47
0.13,5.0
1.03,0.034
0.771,1.1
1.002,1.0
0.8,5.1
0.906,8.2
1.08,0.67
0.9279,0.8
0.882,0.6
0.78,5.13
0.606,10.0
0.95,10.2
0.93,5.0
0.92,6.8
0.549,6.9
1.098,2.5
1.013,4.2
1.017,0.3
0.998,9.7
1.1,2.7
1.028,5.3
0.631,9.0
0.753,10.0
0.923,0.4
0.738,8.0
1.24,2.3
0.847,8.6
0.818,1.74
0.872,13.49
0.655,13.9
1.3,0.013
0.742,0.65
1.22,5.25
0.8,3.89
1.215,4.27
1.16,4.2
0.688,11.0
0.947,7.24
1.16,5.9
0.744,3.8
1.07,10.3
0.798,6.9
1.112,2.5
1.35,2.76
1.24,1.2
0.901,10.2
0.69,0.133
1.024,1.7
0.942,3.09
1.046,7.3
1.025,7.59
0.2109,6.7
0.969,4.8
1.015,10.0
0.756,3.8
0.84,12.3
0.55,0.48
1.08,6.3
0.72,2.34
1.32,0.155
1.04,0.3
0.83,3.8
1.0373,9.2
0.79,1.4
0.781,7.9
0.76,0.036
1.201,6.14
0.752,7.0
1.21,0.75
0.89,7.0
1.01,7.8
0.93,11.0
0.93,9.0
1.26,2.1
0.8772,1.1
0.74,5.0
0.889,2.3
0.89,10.0
0.91,10.6
1.134,5.13
0.941,6.76
1.36,2.6
0.91,10.6
0.8889,6.3
0.994,6.61
1.131,4.3
0.644,6.8
1.06,5.8
1.32,2.1
1.18,4.9
1.42,1.92
1.191,4.2
1.23,3.29
1.81,1.61
0.86,4.37
0.851,3.65
0.79,4.47
1.389,2.4
1.22,5.0
1.366,2.9
1.018,6.8
1.242,1.0
1.192,0.7
0.313,7.1
0.8557,2.7
1.5,0.0035
0.437,7.9
1.242,1.0
0.62,5.465
1.242,1.0
0.74,5.0
1.04,4.0
0.666,7.2
0.989,7.1
0.762,3.72
1.1,1.6
0.902,8.0
1.042,7.41
1.09,3.47
0.963,7.8
0.635,9.8
1.022,0.7
0.896,9.0
1.25,1.7
1.81,1.61
1.014,1.2
0.81,0.75
0.936,1.9
0.993,0.78
0.892,1.7
0.916,12.4
0.849,0.21
1.146,2.63
0.936,0.8
0.913,1.4
0.495,2.9
0.945,1.26
0.785,5.0
0.92,5.5
1.03,4.5
0.89,12.1
1.2518,3.2
1.13,4.0
1.375,2.3
0.928,1.5
1.248,4.6
1.157,2.6
1.29,2.3
1.28,3.4
1.114,5.7
1.16,1.8
1.72,0.5
0.4,0.1
0.842,1.0
0.99,2.0
0.26,10.0
0.8557,2.7
0.8,4.07
0.803,1.07
0.74,8.235
0.85,0.204
0.89,4.37
1.464,2.33
0.8,10.4
0.927,2.57
0.606,10.0
0.936,1.9
1.02,4.4
0.79,6.3
1.24,3.55
0.902,8.0
0.798,8.1
1.06,6.5
0.882,9.7
0.9,11.0
1.066,1.5
1.339,2.5
0.9,7.5
1.295,2.3
1.265,2.7
0.803,11.9
1.07,0.4
0.8,5.66
0.74,6.5
1.094,0.118
0.976,8.2
0.416,1.5
1.109,1.4
0.842,1.0
1.059,4.4
1.78,1.88
1.14,4.82
0.948,7.6
1.25,4.1
0.842,8.8
1.2,1.0
0.744,3.8
2.4,0.003
1.112,2.5
1.165,4.4
0.708,6.3
1.02,6.39
0.943,7.0
1.002,10.29
1.289,4.3
1.08,6.46
2.27,0.58
1.138,1.3
0.849,0.21
0.691,7.2
0.745,5.4
0.745,5.4
0.37,0.475
0.684,8.2
1.21,5.37
1.08,11.41
1.03,5.2
1.32,0.666
1.32,0.666
1.32,0.666
0.4,0.414
1.018,6.6
1.64,2.17
1.02,2.0
1.76,0.6
1.245,1.4
0.913,8.5
0.793,12.3
1.183,2.3
0.761,0.47
0.824,0.6
1.469,4.0
1.59,1.45
0.87,5.37
1.58,2.5
0.684,8.2
1.02,2.0
1.0404,0.7
1.256,0.5
0.946,1.9
1.06,8.0
0.982,7.1
0.982,7.1
1.281,1.0
1.274,0.4
0.924,6.5
0.97,7.9
1.08,11.41
1.76,0.6
1.89,0.2
1.64,2.17
1.06,9.4
0.96,7.8
1.25,1.0
1.167,5.4
0.684,8.2
0.179,4.5
1.316,0.87
1.132,7.4
0.37,0.475
1.06,8.0
1.294,1.57
0.179,4.5
1.06,8.0
1.76,0.6
1.02,2.0
0.712,4.1
0.712,4.1
1.76,0.6
1.02,2.0
1.64,2.17
0.684,8.2
0.684,8.2
1.316,0.87
1.08,11.41
1.06,8.0
0.331,6.7
1.435,2.765
0.928,0.9
0.972,3.05
0.85,5.0
0.911,6.6
0.738,8.0
1.16,5.37
0.798,8.1
0.89,11.7
1.0844,1.3
1.08,4.17
0.601,1.0
1.046,7.3
0.77,12.4
0.798,1.1
0.71,0.688
1.02,6.39
0.392,7.0
0.849,0.21
0.585,13.9
0.887,6.1
1.449,0.97
1.018,0.6
0.604,6.0
0.97,9.7
1.7169,1.6
0.67,0.105
0.8,0.5
0.948,7.6
1.036,2.45
0.612,10.9
1.04,4.0
1.16,3.96
1.157,3.901
1.046,7.3
0.789,7.2
0.87,12.3
0.948,7.6
0.94,6.4
1.082,3.8
0.679,6.7
1.075,6.37
0.652,6.92
1.0404,0.7
0.785,5.0
1.32,3.47
0.84,12.3
0.8,5.1
1.334,4.11
0.922,11.75
0.77,6.0
0.85,3.9
0.81,8.7
0.905,8.5
1.093,4.67
0.8531,3.4
0.994,6.61
0.714,12.2
0.936,1.9
0.77,12.4
1.08,2.5
1.287,1.41
0.489,2.88
0.7,5.76
1.0,0.0167
0.913,10.41
0.851,3.65
0.342,1.1
1.4,2.8
1.278,3.0
0.901,9.3
0.585,13.9
1.266,2.7
0.562,7.4
1.011,3.98
0.452,6.0
0.933,4.7
1.418,2.2
1.59,0.5
1.14,4.279
0.885,7.9
0.63,7.0
1.201,4.37
1.26,5.8
0.94,5.01
0.845,0.046
0.806,11.0
0.84,12.3
0.849,3.99
0.864,7.0
0.906,8.2
0.97,4.6
1.022,0.7
0.92,7.0
1.08,6.3
0.89,8.8
1.212,5.46
0.956,0.414
1.09,3.02
1.233,2.9
0.787,8.32
1.4577,2.4
0.813,2.1
1.0,4.27
0.94,7.1
1.218,2.0
0.33,6.2
1.117,4.5
0.901,11.2
0.78,6.7
1.01,4.9
1.39,2.8
1.082,5.3
0.901,1.8
0.913,5.8
1.078,2.82
1.72,1.7
1.022,0.7
0.96,10.97
0.42,0.8
1.165,3.4
0.785,5.0
0.87,12.3
0.93,4.1
0.42,5.0
1.48,3.0
1.95,1.6
0.85,0.8
0.85,0.8
0.85,0.8
1.86,1.07
1.007,5.9
0.9867,7.7
0.92,0.5
0.968,2.942
0.88,7.0
1.14,6.7
1.52,2.72
0.9,6.0
0.951,10.3
1.14,6.7
0.046,0.022
0.76,3.5
0.901,3.39
0.901,3.39
0.901,3.39
0.901,3.39
0.848,9.5
0.962,1.4
0.046,0.022
1.109,1.4
1.32,1.7
0.76,13.9
0.78,6.7
0.771,1.1
1.0363,3.2
0.1009,6.6
0.806,11.0
1.192,0.7
0.742,0.65
1.21,5.0
1.133,2.7
0.803,1.1
0.85,4.8
0.99,0.414
0.8,5.1
1.122,6.3
1.107,6.0
1.04,0.3
0.69,7.0
0.69,7.0
0.69,7.0
0.69,7.0
1.05,3.39
0.72,2.34
0.72,2.34
0.179,5.0
0.179,5.0
0.915,1.8
0.0147,0.003
0.985,0.5
0.985,0.5
1.54,2.65
1.54,2.65
0.439,5.0
1.02,0.6
1.122,6.3
0.798,8.1
0.325,9.6
1.075,6.37
0.915,1.8
0.771,7.2
1.047,7.8
0.931,2.4
0.8,4.07
1.04,11.0
1.32,4.2
0.8557,0.21
1.211,3.1
1.085,6.1
1.535,1.3
2.52,0.3
1.076,3.0
0.9,0.5
1.022,0.7
1.12,3.6
0.912,8.8
1.08,4.17
0.963,0.5
0.679,6.7
0.91,5.05
1.021,5.0
0.89,5.6
1.004,1.2
0.826,2.0
1.45,4.0
1.32,2.1
0.381,3.9
1.31,0.25
0.146,5.0
0.1844,5.0
0.1844,5.0
0.96,0.7
0.96,0.7
0.96,0.7
0.96,0.7
0.96,0.7
1.04,0.3
0.646,9.8
0.646,9.8
0.646,9.8
0.929,1.05
0.929,1.05
0.929,1.05
0.697,10.72
0.697,10.72
0.024,5.5
0.991,5.5
1.09,6.46
1.086,6.76
1.081,1.4
0.829,8.7
1.076,3.0
1.45,4.0
1.011,4.2
0.991,3.4
0.95,7.8
1.018,5.9
1.285,2.5
1.26,2.1
1.236,3.5
0.8,4.47
0.94,12.8
1.099,0.023
0.77,1.6
1.019,4.6
1.019,4.6
1.08,3.8
1.17,0.02
1.1,0.02
0.974,8.3
0.77,1.6
1.46,5.3
1.32,3.73
1.17,0.02
1.194,4.0
0.99,7.5
1.441,2.94
0.538,7.08
1.15,1.95
0.733,2.5
1.013,6.8
0.756,6.7
0.928,1.5
1.2,7.0
0.711,5.04
1.31,2.88
1.496,1.34
1.06,7.0
1.45,2.2
2.45,0.03
2.6,0.03
0.381,3.1
0.381,3.1
0.858,5.7
0.858,5.7
0.858,5.7
0.858,5.7
0.858,5.7
2.768,0.047
1.236,3.49
1.33,1.11
1.192,4.3
0.89,12.0
0.804,9.4
1.02,6.6
1.271,2.69
1.01,0.3
0.866,0.5
1.013,6.8
1.13,4.0
0.538,7.08
0.85,11.0
0.95,8.15
1.55,0.0232
1.101,0.023
1.26,0.0125
1.441,2.94
1.317,2.13
1.275,3.37
1.67,1.12
1.0,7.7
1.104,2.1
1.03,3.72
0.99,3.55
1.239,5.11
0.6,0.0185
0.5,0.022
0.5,0.022
0.9,0.5
0.85,4.5
1.211,3.1
2.52,0.3
1.21,2.88
0.87,9.6
0.84,1.4
1.049,2.5
1.279,2.6
0.892,3.4
0.467,5.3
1.058,4.0
1.058,4.0
0.417,1.0
1.292,3.7
1.243,3.0
1.285,2.7
0.87,0.4
1.004,1.2
0.93,8.0
1.14,3.5
1.24,3.4
1.338,2.1
1.72,1.0
0.94,5.8
1.305,2.4
1.168,2.5
1.06,4.5
0.993,5.5
1.353,1.5
1.276,2.4
1.392,1.7
0.828,9.6
0.56,1.0
0.647,6.0
0.647,6.0
0.647,6.0
0.65,7.1
0.65,7.1
0.65,7.1
0.65,7.1
0.65,7.1
0.65,7.1
0.487,0.71
0.647,6.0
0.647,6.0
0.647,6.0
0.5,0.022
0.6,0.0185
1.0,4.74
1.36,2.6
1.29,2.3
1.48,2.0
1.222,0.62
1.209,3.2
0.789,4.3
1.386,1.3
1.3,2.22
1.33,1.44
0.92,1.6
1.26,4.2
1.166,4.0
1.013,6.5
0.886,10.1
0.87,10.7
1.12,4.8
1.076,3.0
1.45,2.7
1.34,2.6
1.45,2.2
1.22,5.0
1.022,2.3
1.301,3.0
1.01,12.0
1.15,3.8
1.038,4.3
1.1,8.8
0.879,12.88
1.101,0.023
0.538,7.08
0.557,1.5
0.962,1.9
1.12,6.4
1.635,0.65
1.1832,6.4
0.7941,6.6
1.319,2.3
1.3,5.0
1.3,5.0
1.212,1.745
0.9027,3.1
0.946,4.08
1.28,1.6
0.8,0.52
1.228,3.24
0.95,7.5
1.076,5.952
1.025,6.1
1.127,4.3
1.048,2.34
0.574,8.1
1.109,0.039
0.88,1.29
0.933,1.17
0.711,5.04
1.01,3.2
0.936,3.6
1.55,1.45
1.109,4.3
0.413,5.0
1.08,8.5
0.95,3.63
0.822,0.053
1.17,6.9
1.386,1.3
1.318,2.54
0.72,4.17
1.02,8.0
1.165,2.75
1.178,5.2
0.954,3.5
1.01,5.62
1.211,5.4
1.299,4.04
1.127,4.3
0.936,3.6
0.627,7.4
0.768,0.9
1.07,2.98
1.13,5.7
1.02,5.2
0.947,9.1
1.22,3.31
1.01,3.2
1.405,1.18
1.273,3.26
1.0861,3.9
1.01,4.9
0.841,6.4
1.105,1.2
1.21,5.0
0.99,0.98
1.068,3.8
0.94,3.2
1.3,2.8
1.42,1.0
0.9,3.9
0.94,3.6
1.25,2.9
0.87,0.212
1.561,2.07
1.177,3.47
0.932,4.68
0.822,1.02
1.372,4.51
1.04,6.5
1.04,6.5
1.001,2.1
1.147,4.7
0.869,6.7
1.19,2.1
0.97,9.5
0.97,9.5
0.869,6.7
0.869,6.7
0.869,6.7
1.19,2.1
1.19,2.1
0.574,8.1
1.278,3.13
1.24,2.63
1.11,6.5
0.962,2.5
1.162,1.1
1.28,2.55
0.871,11.0
1.145,0.31
0.886,12.5
0.886,12.5
0.886,12.5
0.809,6.5
1.08,0.65
0.869,6.7
1.548,2.31
0.816,9.0
0.89,2.3
0.962,2.5
1.28,2.55
1.272,1.52
0.781,4.1
0.9154,2.3
1.062,3.0
1.0251,4.7
1.11,3.24
1.591,2.2
1.2,5.7
1.126,3.0
0.871,6.6
0.52,8.0
0.471,1.3
0.945,4.4
1.22,3.44
1.118,0.035
1.08,0.65
1.044,2.34
1.142,0.035
0.98,0.6
1.16,1.0
1.035,2.3
1.248,4.77
1.19,2.34
0.6785,11.1
1.32,2.8
1.58,1.38
0.825,14.0
1.212,4.9
0.505,3.2
0.871,6.6
0.859,6.8
0.89,11.89
1.126,3.0
1.517,2.64
0.997,4.0
0.97,6.34
1.507,2.73
1.296,3.3
1.75,0.02
1.57,1.57
1.194,4.0
0.972,3.05
0.965,6.4
0.96,5.4
1.289,4.3
0.972,3.05
0.935,10.2
1.101,0.023
1.101,0.023
1.32,3.73
0.997,1.2
1.38,2.0
1.033,5.6
0.825,10.1
0.929,0.1
1.206,3.0
0.928,0.9
0.96,5.4
0.96,8.5
0.95,0.12
0.93,0.125
0.904,7.2
1.289,4.3
0.928,0.9
1.38,2.0
0.96,5.5
1.033,5.6
0.97,2.7
0.991,11.3
0.991,11.3
0.94,2.6
1.111,8.1
1.111,8.1
1.661,0.145
0.71,9.5
0.896,0.17
0.886,12.5
1.46,0.78
0.807,1.1
1.06,3.8
1.26,3.47
1.297,3.9
1.23,4.2
1.03,5.25
0.73,1.78
1.209,3.2
0.998,7.3
0.985,3.3
0.825,4.4
0.08,0.5
0.08,0.5
0.0898,7.6
1.34,4.3
1.47,1.88
1.47,1.0
1.17,0.02
1.135,0.028
0.139,0.5
1.2484,3.1
1.1,0.02
1.1,0.02
1.1,0.02
0.974,8.3
0.77,1.6
0.538,7.08
1.24,5.7
1.105,8.8
1.021,0.3
0.777,11.2
0.59,0.5
1.024,1.9
0.75,4.1
0.802,4.5
0.5,0.022
0.5,0.022
0.6,0.0185
0.51,0.0201
0.6,0.0185
0.635,0.019
2.03,0.73
0.241,7.0
0.255,7.0
1.511,2.0
1.51,2.07
1.47,2.4
1.51,2.07
1.66,1.98
1.515,1.78
1.055,4.2
1.19,5.9
0.686,11.48
1.27,2.0
1.078,6.3
1.111,1.2
1.273,3.37
1.212,4.9
0.62,14.0
1.191,2.8
1.249,2.95
0.824,4.5
0.758,5.9
1.483,2.43
0.901,9.3
0.939,6.2
0.93,11.0
1.229,1.7
0.942,8.96
0.74,1.4
0.922,11.75
1.11,0.3
1.08,6.0
1.08,6.0
1.08,6.0
0.794,12.46
0.794,12.46
0.794,12.46
0.85,1.0
0.809,2.7
0.96,4.27
1.407,2.95
1.28,1.6
1.107,8.8
1.127,2.1
0.8543,2.6
0.987,8.2
1.104,5.0
1.24,4.7
1.386,3.7
1.48,1.4
1.129,4.6
1.121,4.2
1.126,4.6
0.9,5.1
0.803,6.0
0.631,9.0
0.313,1.0
1.129,4.6
1.559,2.0
0.273,0.8
0.29,5.4
0.313,1.0
0.273,0.8
0.2923,4.94
1.386,3.7
1.48,1.4
0.9373,6.0
0.73,0.48
0.901,11.2
1.03,10.8
1.25,5.0
0.954,3.6
0.836,9.0
0.88,11.0
0.854,3.2
0.181,5.0
0.181,5.0
1.572,0.4
0.273,0.8
0.313,1.0
0.2923,4.94
0.29,5.4
0.273,0.8
0.2923,4.94
0.29,5.4
0.2923,4.94
0.29,5.4
1.24,2.7
1.21,3.2
0.918,9.4
1.36,2.0
1.275,4.3
0.94,2.5
1.16,4.2
1.192,6.7
0.928,1.5
0.733,2.5
1.13,4.0
0.89,5.6
0.81,11.0
0.81,11.0
1.642,1.24
1.02,5.2
0.59,4.37
0.814,6.1
1.336,4.0
1.34,0.9
1.32,2.1
1.03,4.19
1.06,3.02
1.128,7.4
1.005,0.62
0.974,4.9
0.87,4.68
0.853,1.35
1.124,0.2
1.0,7.7
1.19,2.29
2.073,0.73
1.07,4.0
1.027,5.91
1.091,4.48
1.091,4.48
1.14,4.279
1.027,5.91
1.07,4.0
1.1578,6.2
1.536,1.99
1.19,5.63
0.81,6.5
0.653,6.88
1.336,4.0
1.318,6.2
1.409,1.69
0.896,9.55
0.878,3.7
1.18,0.8
1.461,0.31
1.351,3.02
0.13,4.5
0.954,2.6
0.91,6.0
0.58,0.8
1.29,2.3
1.07,3.92
0.991,7.4
1.73,1.46
1.536,1.99
0.934,3.72
1.023,8.1
0.81,2.69
0.806,6.8
1.2187,4.3
1.018,3.7
1.245,1.8
1.245,1.8
1.245,1.8
1.18,3.31
1.078,6.3
1.11,0.7
0.979,2.7
0.986,6.0
0.837,7.8
0.837,8.6
1.039,7.847
0.917,2.2
1.49,1.58
1.209,3.2
1.262,4.68
1.15,3.97
1.054,6.1
0.976,8.2
1.05,0.3
0.724,0.016
1.351,2.346
1.022,0.7
1.076,8.9
1.086,5.8
1.119,3.1
1.192,4.65
1.204,2.0
1.02,8.0
1.312,4.201
1.28,5.0
1.094,2.98
1.31,3.12
0.83,11.0
1.07,3.92
1.07,3.92
0.3899,8.047
1.13,5.7
1.13,5.7
0.805,10.0
0.81,11.0
1.23,3.47
0.887,9.4
1.157,0.4
0.92,1.3
1.19,3.1
1.78,0.81
1.031,2.6
0.784,14.9
0.61,9.0
1.15,0.27
0.9196,5.1
1.131,7.5
0.946,4.08
0.72,0.5
1.11,5.9
1.25,2.9
1.266,4.83
0.95,5.25
0.29,9.9
1.313,2.1
0.898,3.33
1.19,2.29
1.19,11.0
0.94,2.5
1.05,6.78
1.093,2.3
1.12,6.4
1.09,1.6
1.004,1.2
0.87,5.2
0.831,0.98
1.561,2.07
1.3,1.2
1.04,2.5
1.037,4.2
0.88,6.1
0.93,4.47
1.46,0.8
1.177,3.47
1.16,6.8
0.947,10.2
1.2,7.0
0.967,4.9
1.03,4.5
1.207,2.2
0.98,9.8
1.0,6.17
1.246,3.4
0.945,4.4
1.394,2.95
0.837,10.2
0.646,7.1
1.18,3.31
1.393,2.6
1.025,3.9
0.4861,3.2
0.69,10.5
0.7279,11.97
1.1,8.8
0.12,7.0
0.12,7.0
0.12,7.0
0.12,7.0
1.004,2.6
0.931,10.3
1.14,5.4
0.915,0.6
0.849,7.8
0.719,0.5
1.074,5.2
1.648,1.27
1.124,4.7
1.43,1.31
1.24,2.2
0.82,7.0
0.89,11.2
1.273,3.37
1.212,0.88
1.2,7.0
0.541,1.65
0.68,5.3
1.147,4.7
1.55,4.4
0.93,9.8
0.93,5.2
1.229,1.7
0.644,6.4
1.46,2.49
1.001,2.1
1.637,0.65
0.0989,1.0
1.026,6.8
1.056,4.1
1.073,0.95
0.97,10.47
1.12,6.4
1.12,11.9
1.353,1.5
1.021,5.0
1.08,3.96
0.935,2.8
0.916,1.48
1.13,7.6
0.9,0.5
1.251,2.3
0.921,7.76
0.84,4.79
1.089,3.6
1.19,6.95
0.73,1.82
0.7,0.0033
0.612,9.6
1.273,3.37
1.056,5.1
0.89,1.91
1.126,3.0
0.639,7.1
0.544,7.8
0.8,4.3
0.79,7.6
0.813,2.1
2.7,0.65
0.826,2.0
1.325,3.05
0.33,2.0
1.06,3.1
0.913,10.41
1.057,7.29
0.5,4.47
1.535,1.3
1.389,2.37
1.28,2.2
1.21,1.58
1.29,3.3
1.01,7.5
1.11,5.0
1.131,2.1
0.96,9.97
1.3,1.2
0.7,4.17
0.871,6.6
0.859,6.8
0.859,6.8
0.929,6.7
0.932,4.68
0.89,12.48
1.039,7.1
1.209,3.8
0.77,1.78
1.46,5.3
1.46,5.3
1.78,1.88
0.719,7.5
1.205,1.65
1.53,2.3
0.831,10.7
1.29,2.9
0.99,6.92
1.2313,4.6
1.277,3.16
0.95,4.0
1.12,5.8
1.34,0.96
0.87,0.4
1.212,1.745
1.191,2.8
1.48,2.0
1.324,4.18
1.138,5.7
1.065,1.6
1.08,4.07
1.39,1.9
1.166,4.0
0.968,3.4
1.048,5.7
0.76,2.88
0.87,4.57
1.1576,7.1
1.347,3.5
0.852,9.4
1.467,1.86
1.46,2.7
1.3,3.02
1.78,0.81
1.165,2.75
1.078,3.6
0.93,8.0
1.062,3.0
1.13,4.0
1.213,3.8
0.544,7.8
1.23,3.2
1.284,2.5
0.531,7.6
1.337,3.802
0.671,13.9
0.655,12.1
0.9,3.9
1.47,1.88
1.11,3.39
0.887,9.4
0.964,9.0
1.211,5.4
1.1642,2.9
1.543,1.5
0.852,9.4
1.201,4.44
0.9027,4.5
1.114,0.26
0.549,13.9
0.822,13.8
0.601,1.0
0.629,0.0
1.14,0.53
1.04,2.5
1.022,2.75
1.144,0.5
0.896,0.17
0.782,1.0
0.994,7.5
0.915,9.7
1.323,3.71
0.88,6.0
0.857,7.8
0.857,7.8
0.857,7.8
0.857,7.8
0.886,6.5
0.88,7.0
0.857,7.8
0.857,7.8
1.259,2.0
1.32,1.17
1.405,1.18
0.99,5.5
1.16,7.8
1.18,1.9
1.08,3.96
0.26,0.0033
0.542,6.1
0.93,4.37
0.97,4.9
1.5055,2.4
1.148,3.55
1.411,2.17
1.337,3.802
0.94,3.5
1.18,3.31
1.091,6.4
1.111,1.2
0.923,0.4
1.032,5.5
0.756,6.7
0.928,1.5
0.837,12.2
0.99,0.321
1.02,4.9
0.99,0.414
0.882,9.7
1.39,1.9
0.8,5.1
0.82,2.51
1.17,4.7
1.07,3.72
0.805,10.0
0.94,4.47
1.192,7.0
1.192,7.0
1.192,7.0
1.26,7.0
1.26,2.5
1.04,2.0
1.04,2.0
1.04,2.0
1.06,3.2
1.056,4.5
1.06,4.5
1.03,6.6
1.157,7.53
1.211,3.1
1.163,6.0
1.273,3.26
0.63,5.3
1.561,2.07
0.954,2.6
0.7663,7.4
0.4861,3.2
0.88,0.05
1.394,2.9
1.27,2.3
1.46,0.78
0.662,4.6
0.7311,12.17
1.11,2.4
1.11,5.0
0.92,10.0
0.73,3.8
0.732,0.83
0.732,0.83
0.944,8.5
1.1,8.8
1.524,1.9
0.786,9.0
1.394,2.95
0.816,9.0
1.016,2.1
1.15,4.4
1.165,2.75
1.89,0.42
0.92,10.0
0.92,10.0
1.11,2.4
1.294,1.9
0.81,1.41
0.88,14.8
1.07,2.1
1.167,5.1
1.39,1.9
1.18,3.31
1.177,3.47
0.86,3.63
0.756,1.4
1.2,4.44
1.23,4.7
0.87,9.75
1.181,2.92
1.334,2.57
0.936,3.6
0.942,0.4
0.911,8.7
0.99,4.37
0.814,11.0
0.964,0.5
0.849,7.8
1.08,3.63
1.076,3.0
1.11,0.2
0.78,2.34
0.78,13.9
1.199,4.5
0.972,10.0
1.121,4.7
0.645,3.9
1.201,6.14
1.06,5.2
1.128,0.53
0.735,7.5
1.178,1.7
1.78,0.81
1.015,10.0
0.2653,4.5
0.69,8.0
1.564,1.861
1.483,2.43
0.81,8.71
0.93,10.0
1.16,1.0
1.166,4.0
0.917,1.6
1.007,6.7
1.07,8.5
1.119,4.68
1.635,0.65
1.14,3.5
1.3,4.23
0.585,4.3
0.86,9.7
1.08,0.65
1.427,1.0
1.128,0.53
1.55,4.4
1.13,4.0
1.059,8.8
0.756,6.7
0.818,1.19
0.85,11.6
0.828,9.6
1.374,2.27
0.12,7.0
1.04,2.5
1.16,2.7
1.126,4.9
1.35,2.4
1.166,4.0
1.285,2.7
0.828,9.6
1.07,5.0
0.929,5.6
0.912,8.8
0.942,7.5
0.942,7.5
0.942,7.5
0.942,7.5
0.71,7.5
0.71,7.5
0.71,7.5
0.87,12.6
0.87,0.4
1.004,7.0
0.93,8.0
1.126,4.9
1.11,5.0
0.5,0.022
0.5,0.022
0.6,0.0185
0.51,0.0201
0.51,0.0201
0.6,0.0185
0.5,0.022
0.635,0.019
1.126,4.9
1.34,1.14
1.24,2.8
0.856,7.9
1.045,11.9
0.44,1.0
1.0,4.57
0.878,3.7
1.027,1.0
1.037,0.9
0.803,11.9
0.702,0.78
0.69,4.0
0.7601,16.1
0.938,7.0
0.9406,5.1
0.925,2.9
0.936,0.4
1.148,2.3
0.806,6.8
0.806,6.8
0.806,6.8
1.119,3.1
1.163,1.7
1.16,2.6
1.394,2.9
1.404,2.9
1.276,2.4
1.285,2.5
0.12,7.0
1.22,5.0
0.73,2.5
0.733,2.5
0.733,2.5
1.31,0.3
0.96,4.17
0.9218,0.8
0.905,4.7
1.18,0.8
0.929,6.2
1.06,2.0
1.294,1.9
1.066,7.6
1.39,1.4
1.374,3.0
1.239,5.11
1.24,4.0
0.83,1.8
1.48,3.7
1.06,4.5
1.195,3.0
1.077,0.98
1.114,5.7
1.209,3.8
0.983,5.0
0.995,6.5
1.415,2.3
1.26,3.5
0.922,11.75
1.12,11.9
1.3,2.0
0.73,2.5
1.14,3.12
1.392,1.7
0.99,0.414
0.88,7.0
1.172,4.01
1.22,3.8
0.99,3.1
1.45,2.6
1.296,2.8
1.535,1.3
1.308,3.97
1.306,2.65
1.021,5.0
1.021,5.0
0.528,4.2
0.339,9.7
1.298,2.6
1.271,1.2
0.942,3.09
1.018,5.9
0.915,0.6
0.915,0.6
1.351,3.65
1.5,0.06
0.856,2.5
1.011,0.4
0.139,0.5
0.921,1.0
1.07,2.22
1.213,2.82
0.96,2.7
1.004,7.0
0.139,0.5
0.518,7.93
1.61,2.8
0.64,4.0
1.61,2.8
0.372,0.55
1.57,2.7
0.605,8.7
0.139,0.5
0.151,7.8
0.96,8.5
0.893,7.4
0.93,8.8
0.94,2.5
1.02,1.62
1.52,2.24
1.1,8.4
0.71,4.9
1.41,3.62
0.815,3.02
1.06,4.5
1.34,0.9
0.994,6.61
1.9,0.8
0.577,3.0
0.528,4.2
0.98,5.1
1.12,4.79
1.33,1.44
2.52,0.3
0.878,3.7
0.878,3.7
1.106,9.5
1.297,2.8
1.11,5.0
0.863,7.6
0.943,7.0
1.204,2.3
1.101,3.3
0.843,11.6
0.62,2.95
0.95,4.6
0.829,12.9
1.128,7.4
1.213,6.3
1.458,1.816
1.543,1.5
0.935,2.8
1.079,0.91
0.94,6.76
1.648,1.27
1.03,6.31
1.53,3.09
1.15,4.47
0.17,0.011
1.168,1.2
0.606,5.0
0.93,0.125
0.95,0.12
1.196,2.9
0.95,2.4
0.842,6.4
0.856,7.9
1.42,2.24
0.886,7.0
0.767,9.77
0.767,9.77
0.904,11.5
0.909,12.7
0.96,6.7
0.024,0.008
0.95,0.12
0.95,0.12
0.93,0.125
1.238,4.29
0.842,8.8
1.1,0.3
0.92,4.57
1.148,6.03
1.072,3.6
1.1,0.4
1.26,2.75
1.107,6.2
0.744,4.8
1.07,8.91
1.296,2.01
1.156,3.2
1.22,2.82
1.078,6.3
0.97,4.0
0.955,7.7
0.95,12.97
0.87,1.4
1.41,3.62
1.213,3.84
1.343,2.52
1.272,1.52
1.17,7.5
1.05,5.0
1.23,3.46
0.898,5.9
1.036,5.62
1.408,3.03
0.837,8.6
1.19,3.1
0.917,3.0
0.831,0.98
0.6045,9.6
1.127,4.3
1.341,1.23
0.99,0.133
1.296,2.01
0.653,1.2
0.925,0.4
0.95,4.07
1.115,0.2
1.021,8.2
1.108,3.55
1.07,3.98
1.09,2.14
0.73,5.25
1.11,3.31
0.97,4.07
0.997,0.5
1.06,3.8
0.89,1.7
0.38,4.37
1.07,5.84
1.037,6.0
0.71,3.63
1.06,7.2
0.947,3.98
1.082,4.68
1.11,3.47
0.95,3.72
1.33,0.33
1.13,3.09
1.18,2.67
0.759,14.0
1.28,2.69
1.04,3.72
0.93,0.5
1.84,5.5
1.01,3.98
1.32,4.2
1.15,0.62
0.95,1.6
0.916,5.1
0.478,4.0
1.037,5.62
1.16,2.88
0.86,5.5
0.98,4.17
1.0,0.4
1.265,2.29
0.76,3.98
0.93,4.37
0.85,0.005
1.38,3.3
0.77,12.4
0.72,2.75
1.014,1.29
1.021,0.3
1.208,0.28
1.036,7.94
0.549,6.9
1.05,9.0
1.029,0.6
0.874,10.72
1.05,4.1
0.834,10.9
1.03,7.7
1.11,5.4
0.635,13.9
1.18,4.37
0.549,13.9
0.95,8.0
0.87,4.07
0.97,4.37
1.04,5.5
0.806,3.8
1.44,3.7
0.29,5.4
0.313,1.0
0.593,13.8
0.75,6.89
1.4,2.95
1.01,3.47
1.34,3.55
0.8,5.01
1.25,2.45
0.758,11.23
0.927,0.5
1.067,3.02
1.03,5.37
1.18,0.32
0.94,6.17
1.05,4.2
1.129,2.88
1.163,4.17
0.7,6.46
0.916,2.69
1.26,2.04
0.891,2.0
1.0,7.94
1.033,8.51
1.256,2.82
1.01,4.37
0.81,4.47
1.101,6.5
1.16,3.55
0.921,4.27
0.933,4.5
0.772,1.2
1.129,2.88
1.33,4.36
0.883,9.77
0.77,13.9
0.97,7.0
1.22,4.07
0.84,4.9
0.669,13.9
0.859,13.9
0.798,1.7
0.74,4.5
0.74,4.5
0.89,6.79
0.77,4.5
0.77,4.5
0.7,4.4
0.7,4.4
0.73,7.87
0.87,10.9
0.67,10.0
1.21,2.01
0.67,10.0
0.82,9.8
1.8,1.7
1.06,4.3
0.85,0.6
0.916,12.02
0.97,4.9
1.21,2.01
1.05,2.1
0.984,0.4
0.69,2.4
0.672,13.9
0.76,3.39
0.825,0.6
1.175,1.22
1.454,2.82
0.84,4.27
0.95,3.63
0.666,12.3
0.929,6.46
0.97,4.37
0.97,1.9
1.013,3.55
0.829,8.51
1.185,4.09
0.94,4.99
0.638,13.8
0.88,4.37
0.84,4.47
0.96,4.37
0.918,13.8
0.95,3.63
0.992,4.0
0.73,3.89
0.7,2.88
0.88,4.47
1.0,4.83
0.94,5.5
1.269,1.38
0.95,4.07
1.09,0.5
1.22,4.9
0.89,6.6
0.997,0.5
0.577,13.8
0.77,9.8
1.065,0.3
0.64,3.72
1.41,1.7
0.894,0.5
1.03,0.5
1.0,3.2
0.987,2.1
0.77,13.7
1.15,4.79
0.75,13.7
1.092,1.4
0.872,2.95
0.919,0.6
1.044,5.01
0.8,3.16
0.99,2.0
1.17,0.25
0.86,4.57
0.802,4.8
0.43,6.61
0.77,3.3
0.81,4.9
1.01,0.4
0.842,0.6
1.03,1.5
1.28,4.5
0.86,4.27
1.187,5.6
0.8,0.5
0.648,13.8
0.916,1.48
1.23,3.09
1.09,0.3
0.92,4.57
0.98,4.57
0.519,13.8
0.808,2.04
1.1,3.24
1.208,4.79
1.13,0.45
0.706,12.88
0.89,8.6
0.542,2.9
1.07,3.63
1.119,2.29
0.8,2.82
0.83,4.9
0.98,3.89
1.4,2.6
0.757,10.9
0.53,3.8
1.0,4.57
0.87,4.68
0.927,0.5
0.94,4.27
0.941,1.0
0.901,10.2
0.973,0.4
1.6,1.35
1.177,6.03
1.8,1.56
0.836,8.1
0.908,13.9
0.31,4.3
0.882,12.88
0.933,8.91
1.048,0.3
0.916,14.0
1.326,1.66
1.07,4.07
1.2,3.7
0.937,2.9
1.16,3.8
0.728,13.9
0.905,0.5
1.65,1.9
0.573,14.0
0.75,3.63
1.27,2.29
1.04,3.89
0.965,7.9
1.042,7.41
0.892,1.7
0.792,0.7
1.492,2.14
0.817,5.7
0.717,6.0
1.11,6.0
0.97,2.4
1.208,0.28
0.758,6.61
0.914,13.9
1.045,3.38
0.94,3.98
0.901,0.6
0.91,11.0
1.12,4.3
0.94,4.37
1.195,3.8
0.62,1.0
1.014,1.29
0.95,8.0
0.969,0.4
0.63,13.9
1.4,1.95
1.068,0.3
1.15,4.37
0.96,10.8
1.179,1.45
0.813,2.1
1.175,5.01
1.1,5.8
0.848,9.6
1.16,3.02
0.98,8.13
1.15,3.16
0.58,3.09
0.772,2.45
1.028,2.95
0.51,3.89
1.04,3.0
0.89,4.57
0.92,4.37
1.146,0.65
1.044,1.8
0.92,4.27
1.055,6.46
0.809,8.2
1.03,6.4
0.86,3.72
1.06,3.39
0.86,4.47
0.956,1.74
0.66,3.55
0.85,4.79
1.84,1.8
1.062,1.23
0.982,0.4
0.653,1.2
0.834,10.9
0.95,1.86
0.988,0.4
0.839,13.18
1.09,0.5
0.727,13.8
0.95,7.5
0.853,4.3
0.632,4.0
0.97,1.9
1.26,1.6
0.626,5.0
0.81,4.57
1.3,0.6
1.12,0.4
1.8,1.6
0.995,0.51
0.979,3.16
0.94,1.62
1.52,2.72
1.58,2.7
0.42,5.0
1.14,6.7
0.87,5.37
0.85,0.8
1.86,1.07
0.91,4.47
1.1,6.0
0.334,2.55
0.874,12.02
1.14,0.26
0.93,4.57
0.959,0.6
0.76,7.2
1.024,0.93
1.13,4.37
1.21,4.07
1.29,2.64
1.02,9.77
0.961,8.5
1.1,0.3
0.86,3.72
0.957,2.9
1.12,1.35
1.139,2.59
0.91,13.18
1.028,0.3
0.687,14.0
1.39,0.51
0.51,3.8
1.04,3.72
0.63,4.47
1.22,3.3
1.13,5.83
0.87,4.37
0.976,9.12
0.836,0.6
0.879,0.8
1.36,4.5
1.082,0.3
0.86,3.47
0.813,9.55
1.24,3.1
0.98,4.17
1.23,4.5
1.025,0.4
0.609,2.9
1.2,1.48
0.864,3.39
0.95,4.17
0.63,2.88
0.231,4.0
0.73,4.68
0.986,0.4
0.98,6.17
0.98,10.96
1.03,4.37
1.25,2.7
0.98,3.89
0.93,4.47
1.21,2.75
0.86,4.47
1.2207,4.4
0.549,13.9
1.05,0.4
1.082,0.4
0.779,12.5
1.079,8.51
1.116,2.75
1.3,4.25
0.756,6.61
0.706,12.88
0.52,14.0
0.87,4.57
0.753,12.88
0.81,2.63
1.114,5.25
1.165,3.44
1.1,1.6
0.95,4.07
0.825,0.79
1.06,6.76
0.95,4.17
1.08,3.63
1.3,3.0
0.725,3.16
0.579,13.9
0.961,8.5
1.12,3.31
1.208,0.28
1.11,3.47
0.93,4.37
1.22,1.48
1.163,4.37
1.171,6.46
1.165,6.46
1.019,0.3
1.17,3.39
1.144,4.07
0.95,6.03
0.83,5.13
0.948,12.1
0.851,6.5
0.941,0.6
0.88,4.79
0.942,0.4
0.974,0.74
1.34,2.13
1.06,7.8
0.677,13.8
0.933,0.4
0.84,3.72
1.05,3.0
0.825,7.41
1.05,5.6
1.12,2.57
1.163,4.17
1.07,3.55
0.6,6.03
0.857,1.0
1.067,7.2
1.13,3.24
1.14,0.5
0.96,2.75
0.85,12.7
0.948,0.6
0.99,2.79
0.686,13.8
1.12,3.55
1.2,2.86
0.73,2.0
0.602,13.8
0.581,13.9
1.1,5.62
0.995,0.4
1.09,5.13
0.865,0.6
0.758,11.23
0.93,10.23
0.89,3.98
0.98,4.9
1.173,5.01
0.88,4.57
1.04,7.59
0.827,12.59
0.98,5.25
0.957,8.13
1.1,6.92
1.184,0.29
1.01,3.89
1.18,3.5
0.91,4.47
0.98,4.07
1.18,2.69
1.25,2.34
0.75,4.27
0.874,11.3
1.4,2.3
1.108,3.55
1.04,5.9
1.25,2.34
1.31,2.19
0.93,4.37
0.931,12.02
0.909,14.0
0.85,8.13
1.14,0.41
0.86,4.68
1.51,1.55
1.1,6.92
0.7,3.09
0.92,6.31
0.94,4.57
0.794,3.8
1.015,0.3
0.7,13.9
0.86,4.27
1.046,3.02
1.07,3.47
1.15,3.39
0.709,8.3
1.181,2.73
0.873,0.8
1.104,6.61
1.01,4.47
1.07,4.37
0.74,2.57
0.83,5.13
1.33,3.04
1.21,2.01
1.21,2.01
0.57,3.47
0.96,0.8
0.856,3.09
1.04,5.13
1.13,0.3
0.777,2.24
0.96,1.45
0.98,4.47
0.98,3.89
0.98,4.27
0.93,4.07
1.054,0.91
0.934,0.4
0.631,14.0
0.83,4.57
0.53,2.9
0.727,6.3
0.69,6.9
1.253,0.72
1.17,3.72
0.663,1.0
0.94,8.51
0.81,4.68
1.672,2.19
1.03,2.56
1.296,2.01
0.976,7.5
0.931,0.7
0.944,9.7
1.21,2.88
0.854,5.89
0.825,2.51
0.67,14.0
1.037,1.82
0.907,2.63
0.72,2.95
1.29,2.1
0.93,4.27
1.8,1.6
1.04,3.47
1.15,0.23
0.86,4.07
1.104,1.9
0.61,13.9
1.19,5.46
1.206,0.34
0.89,4.37
1.03,2.4
0.837,5.4
0.931,2.51
1.03,3.55
0.966,4.1
1.02,0.4
1.102,0.3
0.841,7.76
1.0,3.89
1.0,5.5
0.853,0.91
0.87,4.57
1.154,0.94
0.82,13.8
0.947,4.1
1.23,2.63
0.95,7.2
0.729,3.8
0.405,4.1
1.144,3.98
0.845,7.76
0.77,2.69
0.84,4.68
0.766,13.9
0.81,4.68
0.78,13.8
1.09,0.3
1.084,1.1
0.91,4.68
0.59,3.31
0.89,4.27
0.72,2.34
0.96,4.07
0.76,4.47
0.93,2.4
0.807,13.8
0.83,4.57
1.04,2.9
0.547,13.8
0.826,13.6
0.92,4.37
2.4,0.0055
0.99,4.57
1.022,0.7
0.84,0.75
1.0,6.6
1.057,0.3
0.875,10.3
1.4,3.0
0.98,4.27
0.24,4.68
1.06,3.3
0.807,12.9
0.791,1.62
1.0,4.07
0.99,0.4
1.06,4.27
0.918,8.2
1.01,3.72
1.1,3.31
0.992,3.8
0.95,0.4
0.74,3.24
0.35,3.72
0.943,2.4
0.852,9.12
1.096,2.6
0.711,14.0
1.21,0.95
0.885,1.48
0.87,4.57
1.09,0.4
0.978,7.59
1.09,3.72
0.7,2.88
0.745,7.2
1.09,2.63
1.49,1.58
0.84,0.6
1.11,3.55
1.01,5.37
1.12,2.67
0.85,5.13
1.07,0.4
0.8,5.5
0.785,5.0
1.05,5.7
0.84,4.79
0.495,2.9
0.99,0.414
0.912,8.8
1.02,0.6
0.911,0.5
0.925,7.1
0.839,3.09
0.93,4.68
1.28,2.4
0.43,6.61
0.965,8.9
0.9,0.39
1.156,3.4
0.824,0.34
0.3357,4.5
1.23,4.37
1.08,3.63
0.792,4.68
1.18,3.24
1.0,8.5
0.829,8.51
0.709,8.3
0.678,5.4
1.721,1.63
0.79,2.5
0.549,13.9
1.09,1.8
1.18,2.75
0.806,7.6
0.546,13.9
0.925,0.4
0.852,0.7
0.9883,1.5
1.03,3.55
0.81,8.7
0.6,7.2
1.02,4.4
1.215,4.27
0.96,4.37
0.32,1.0
1.078,2.82
0.626,5.0
1.443,2.88
0.84,4.47
0.917,4.3
0.59,12.9
1.05,6.92
0.933,2.4
1.0,0.1
0.87,8.91
1.19,0.24
0.92,1.86
1.18,4.8
1.11,3.02
1.14,4.47
1.01,5.25
1.11,4.0
0.943,4.92
1.2,5.1
0.98,6.5
0.86,4.0
1.175,5.01
0.883,9.4
1.29,2.1
1.161,4.57
1.218,5.5
0.731,13.9
1.295,3.2
0.73,4.17
1.23,2.51
0.313,1.0
1.06,1.78
1.21,2.69
1.166,2.5
0.885,1.48
1.04,9.15
1.382,1.1
1.15,3.97
0.81,8.7
1.09,3.47
1.39,3.4
0.44,1.0
0.78,6.7
1.0,0.4
0.773,0.8
0.827,0.6
0.909,14.0
1.06,6.5
0.724,0.5
0.874,9.12
1.26,4.3
1.156,3.4
1.07,1.9
0.7,4.68
0.993,0.78
0.775,3.98
0.454,1.0
1.15,0.28
1.1,6.61
0.798,8.1
1.0373,9.2
0.975,4.27
0.225,6.2
0.437,4.6
0.325,9.6
0.945,1.26
1.215,4.27
0.7601,16.1
0.8543,2.6
0.91,10.47
0.55,4.57
0.758,11.23
0.927,9.12
0.98,4.27
0.985,0.4
0.893,1.74
1.063,0.3
1.05,1.58
0.78,3.24
0.865,1.0
1.018,1.0
1.1,3.63
0.964,0.4
1.01,7.2
1.012,3.6
1.002,5.2
0.902,1.45
0.981,6.17
1.15,3.02
1.164,2.51
0.92,5.8
0.92,1.58
0.803,1.1
1.32,2.1
0.837,7.8
1.0404,0.7
0.19,4.0
1.04,9.15
1.015,10.0
0.927,6.4
1.06,1.6
1.09,3.39
0.99,4.07
0.63,2.88
0.639,13.6
1.68,2.3
0.95,4.27
0.991,2.24
1.15,5.6
1.17,3.39
1.06,3.98
1.13,7.1
0.956,0.5
1.07,3.09
1.18,2.67
1.036,2.45
0.601,1.0
1.09,3.47
0.65,3.0
0.644,14.0
0.2923,4.94
0.313,1.0
0.948,7.6
0.76,13.9
1.059,8.8
1.149,2.88
0.687,14.0
1.094,1.7
1.071,6.8
0.832,0.8
0.654,4.6
0.48,1.5
0.757,4.27
0.865,3.89
0.756,10.47
1.13,3.8
0.9,4.57
0.63,2.88
1.034,3.5
0.97,4.17
0.95,4.47
0.553,13.9
1.212,5.46
1.3,4.55
1.013,4.2
0.22,6.7
0.62,1.0
0.81,8.7
0.452,6.0
0.88,4.57
0.68,13.9
1.06,0.3
0.992,6.03
0.766,7.08
0.86,3.72
0.933,10.0
1.015,5.4
0.936,1.9
1.09,3.02
0.947,7.24
1.118,1.9
0.836,4.9
0.836,4.9
0.91,5.05
1.38,1.95
1.245,3.98
0.611,13.8
0.76,13.8
1.03,4.0
0.601,1.0
0.99,2.0
1.3,0.75
0.585,13.9
0.75,3.98
0.81,8.7
0.92,9.12
0.642,7.5
0.8,5.66
1.105,5.3
1.41,2.24
1.084,5.3
0.9,8.0
1.28,4.3
0.876,11.7
1.062,0.4
1.19,4.9
1.227,3.2
0.89,11.7
1.31,4.41
1.0,10.0
0.95,5.0
1.15,5.45
0.98,6.56
2.7,0.65
1.64,2.2
0.983,0.4
1.12,4.7
0.49,4.47
0.854,12.3
1.07,3.0
0.817,5.9
1.06,6.31
0.8,1.41
1.084,0.3
1.06,4.37
0.9,3.3
0.9,5.25
1.0,2.04
0.912,0.5
0.55,14.0
1.25,2.15
0.81,8.7
0.821,9.4
1.27,4.3
0.872,7.0
1.34,3.7
0.864,7.0
0.758,14.0
0.815,10.7
0.913,9.8
1.12,8.0
0.789,8.4
1.002,5.8
0.91,0.5
0.95,5.25
0.118,7.2
0.81,8.7
0.95,4.17
0.602,0.0
0.674,14.0
0.982,9.33
0.84,4.9
1.03,3.8
0.56,4.68
0.93,4.27
1.143,7.59
1.05,5.62
1.078,2.82
1.05,5.62
0.93,4.07
0.717,1.3
0.948,7.6
1.01,6.1
1.05,3.89
1.022,0.7
1.084,3.47
1.26,1.1
0.942,3.09
0.79,4.3
0.254,2.0
0.842,1.0
1.0,0.6
0.984,1.55
0.881,6.1
1.02,3.66
1.22,0.28
1.26,2.04
0.84,10.5
0.8,5.01
1.052,1.62
0.91,3.02
1.03,5.25
1.079,6.3
0.9581,6.6
0.41,3.0
0.936,1.9
0.8,1.41
0.824,0.34
1.28,4.3
1.458,1.6
1.16,5.37
1.183,2.3
1.238,4.29
1.16,5.37
1.238,4.29
1.108,3.55
1.04,4.0
0.99,3.98
1.021,2.69
1.01,4.9
0.57,3.02
0.693,13.9
0.87,4.27
1.057,6.84
1.078,2.82
1.23,4.8
0.746,6.31
0.992,0.061
0.74,5.0
0.948,7.6
0.927,10.0
0.98,3.47
0.683,3.4
0.8,6.0
0.756,3.8
0.828,9.9
1.094,6.2
1.35,2.76
0.89,7.0
0.915,1.8
1.22,5.0
1.22,5.0
1.218,2.0
0.77,12.4
0.842,8.8
0.936,9.0
0.717,7.0
0.892,7.0
0.903,6.2
0.903,6.2
1.278,3.0
0.882,9.7
0.816,6.6
0.816,6.6
1.013,4.2
0.976,8.2
1.334,0.7
0.97,4.6
1.238,4.29
1.07,1.9
1.07,1.9
0.93,5.0
1.04,3.72
0.895,11.9
0.75,3.98
0.652,6.92
1.201,4.37
0.74,13.7
1.09,5.7
1.134,5.89
1.04,5.73
1.094,6.2
0.764,4.0
0.572,13.9
0.957,2.8
0.9,4.47
1.291,3.65
0.798,1.1
0.923,0.4
0.916,12.4
0.3041,5.5
0.85,0.204
0.906,1.66
0.606,10.0
0.929,5.6
0.9,7.08
1.81,1.61
0.123,5.5
1.3,1.6
1.093,4.67
1.16,3.09
1.23,3.51
1.1,0.5
1.079,5.01
1.405,1.18
0.931,9.3
1.018,3.7
0.825,2.82
0.787,8.32
1.046,7.3
0.715,12.0
1.52,2.72
0.83,5.08
0.754,4.7
1.15,0.62
1.168,10.5
1.028,5.25
0.734,2.03
1.122,6.3
1.18,2.75
1.14,2.88
0.57,3.02
0.416,1.5
0.95,0.4
0.437,4.6
0.437,7.9
0.437,4.6
1.212,5.46
0.782,3.2
1.72,1.7
1.0,0.0167
0.805,10.0
0.7601,16.1
0.785,5.0
0.805,10.0
0.806,11.0
1.464,2.33
1.0,9.12
1.443,2.88
1.15,0.62
1.09,3.47
0.38,4.37
1.2384,3.1
1.032,3.5
0.976,9.12
1.29,3.55
1.046,3.02
0.65,8.32
0.77,12.4
1.334,0.7
0.9,0.39
0.91,10.6
0.61,5.0
1.24,0.8
1.078,2.82
1.084,3.47
1.036,2.45
1.242,4.27
0.9,10.0
1.14,0.113
1.025,7.59
0.702,0.78
1.024,1.7
1.057,6.84
1.083,3.515
0.877,5.0
0.852,10.2
1.3,0.6
1.55,2.42
1.55,2.42
1.13,5.32
1.3,4.55
1.257,4.27
0.95,7.5
0.94,7.1
1.063,0.3
0.691,8.3
1.08,6.3
1.079,6.3
1.079,6.3
1.057,6.84
0.708,6.3
0.708,6.3
1.05,3.89
0.17,0.0025
0.765,1.86
0.89,4.57
0.95,4.57
0.62,5.465
1.13,1.2
1.084,5.1
0.916,12.4
0.8,5.1
1.42,2.51
1.12,0.63
0.909,10.72
0.9,4.57
0.748,2.69
0.829,3.02
1.06,3.8
0.831,3.02
0.88,4.47
0.92,7.39
0.55,3.16
0.98,5.25
1.44,3.0
1.02,0.6
1.01,4.37
1.242,4.27
0.929,5.6
0.912,8.8
0.901,9.3
0.912,8.8
0.798,1.1
1.1,0.3
0.99,6.4
1.173,3.72
0.841,0.62
0.84,3.24
0.79,13.7
1.08,6.61
0.905,10.0
0.871,12.88
0.91,10.6
0.969,4.8
0.945,1.26
1.04,4.0
1.81,1.61
1.238,4.29
0.871,12.88
0.135,0.017
1.23,2.5
0.806,11.0
1.038,3.3
0.88,10.77
0.83,0.625
0.703,3.9
0.88,4.37
1.54,1.48
1.22,5.0
1.081,5.5
1.208,4.79
1.05,3.55
0.61,0.79
0.13,4.5
0.981,0.4
0.759,12.6
0.845,12.8
0.931,0.7
0.88,3.14
0.5666,15.1
0.99,0.414
1.194,3.6
0.345,7.0
0.7,11.1
0.963,0.5
0.798,8.1
0.882,9.7
1.15,0.62
1.066,6.5
0.88,7.0
0.546,13.9
0.146,5.0
0.179,5.0
1.04,0.3
1.05,3.39
0.985,0.5
0.96,0.7
0.96,0.7
1.04,0.3
0.69,7.0
0.72,2.34
0.697,10.72
0.439,5.0
1.32,0.155
0.853,12.31
0.751,13.9
0.87,0.0076
0.834,0.87
0.78,13.7
0.654,14.0
0.882,0.6
0.837,7.8
0.99,2.8
0.901,9.3
0.805,10.0
1.057,6.84
1.05,3.39
0.72,2.34
1.12,1.95
1.06,6.76
0.93,4.07
1.08,8.0
0.27,7.1
0.089,8.0
0.941,3.98
1.22,0.017
1.133,2.7
1.021,2.69
0.927,2.57
1.46,1.66
0.894,0.85
0.799,0.7
0.83,4.79
1.04,3.47
1.37,2.63
1.01,7.94
1.229,4.79
0.838,3.39
1.03,2.09
0.4518,13.4
0.906,8.2
0.87,12.3
1.0378,4.8
1.06,8.6
1.08,4.9
1.08,4.9
0.9382,9.0
1.1973,3.1
0.556,0.7
0.5051,13.3
0.798,8.1
1.23,3.5
0.8,1.41
0.94,12.3
1.067,3.02
0.976,10.96
1.373,2.34
1.052,0.3
0.721,4.57
0.83,5.01
0.98,0.5
1.05,4.21
0.703,3.9
0.99,7.0
0.95,3.98
1.082,5.3
0.3041,5.5
1.174,2.0
0.231,4.0
1.72,1.8
1.032,4.5
1.079,2.5
1.05,5.7
0.849,3.99
1.47,2.82
0.939,3.8
0.837,5.8
1.015,1.8
0.867,7.94
0.88,13.18
0.696,13.8
1.04,3.3
0.984,7.2
0.844,0.6
0.903,8.91
0.418,0.8
0.428,7.0
0.88,5.0
1.104,5.0
1.098,2.5
0.89,11.7
0.956,4.4
0.442,9.3
0.1667,6.0
1.08,0.027
1.08,0.027
0.97,4.42
1.022,0.7
0.8425,2.7
0.7271,5.3
0.9552,6.5
1.046,7.3
1.038,3.3
1.312,2.7
0.849,0.7
0.824,0.7
0.97,6.92
0.746,13.6
0.86,4.68
0.4,3.72
1.04,0.3
0.857,1.0
0.984,2.24
1.01,2.0
1.6,0.017
0.83,4.0
0.452,6.0
0.818,1.74
0.762,3.72
1.15,3.24
0.845,7.41
1.213,2.82
1.082,0.4
0.873,2.09
1.191,3.89
1.0,5.5
0.713,13.6
1.45,1.7
0.91,4.68
0.829,8.51
1.165,3.44
0.82,4.47
0.85,5.13
1.5,0.013
1.7,1.85
0.787,8.32
0.753,10.0
0.753,10.0
0.882,4.4
0.837,7.8
0.852,10.2
0.791,4.33
1.27,4.73
0.688,11.0
1.22,0.017
1.19,5.46
0.995,3.28
1.15,3.97
0.466,1.4
0.76,0.3
0.849,0.21
0.345,7.0
0.748,9.4
0.982,7.94
0.99,4.37
1.1,0.3
1.19,4.9
1.28,3.24
1.023,0.6
0.885,8.8
1.12,3.02
1.26,4.77
1.23,4.8
0.94,2.5
0.61,1.4
0.95,10.2
0.118,7.2
1.378,2.45
1.247,1.9
1.765,1.64
0.62,1.0
0.62,1.0
0.88,4.57
0.847,8.6
0.906,1.66
0.62,1.0
0.892,1.7
0.79,1.4
1.16,0.2
0.88,3.7
0.916,0.4
0.977,6.4
1.24,2.4
1.19,5.4
1.24,2.4
2.4,0.69
2.4,0.69
1.16,2.6
0.91,4.68
0.576,3.0
1.03,5.3
1.005,6.3
0.54,2.9
1.35,3.5
0.337,7.0
1.35,2.76
0.72,10.02
1.01,6.39
1.0,2.2
1.08,5.31
0.514,7.8
1.0,11.5
1.039,7.847
1.2,5.733
1.25,7.9
0.992,0.061
1.32,0.018
1.52,2.8
0.971,0.4
0.6,0.005
1.57,2.14
0.75,5.01
0.777,12.3
0.867,0.91
1.18,3.39
0.821,14.0
0.87,0.98
0.4,3.09
1.362,4.38
0.8,4.4
0.687,13.5
1.21,3.43
0.8222,13.9
0.821,9.4
0.81,8.7
0.92,7.0
0.81,8.7
0.81,8.7
0.45,8.1
0.89,8.8
1.165,4.75
0.62,5.465
1.28,6.6
0.775,2.0
0.557,14.0
1.15,3.24
1.165,3.44
0.45,5.0
1.01,5.8
1.08,3.63
1.005,0.4
0.96,4.27
1.05,5.01
1.0258,1.5
0.748,9.4
0.96,0.245
0.74,5.0
0.73,0.48
1.21,2.53
1.35,2.6
9.1,0.02
0.522,12.5
0.9903,4.6
1.0844,1.3
0.822,5.4
0.788,6.0
0.91,0.5
0.709,3.72
0.81,4.47
1.12,3.09
0.94,4.47
0.99,0.414
0.628,5.8
1.325,3.39
1.2,8.4
2.19,0.94
1.368,0.5
1.3,0.6
1.033,8.0
1.234,4.604
1.015,10.0
0.95,5.5
0.685,13.8
0.975,1.0
1.099,1.5
0.843,1.82
1.025,0.4
0.7,1.3
1.25,2.4
1.22,2.51
1.17,3.24
0.725,3.16
0.88,4.27
0.75,13.9
1.01,4.1
0.894,0.5
0.84,0.6
1.07,3.98
0.97,2.4
0.772,8.6
1.26,3.52
1.74,1.8
0.85,8.13
0.972,1.74
1.31,2.88
0.9513,3.8
0.918,2.2
1.0,0.02
0.722,3.1
1.05,3.55
0.734,0.625
1.038,5.25
0.918,13.8
1.03,4.27
0.987,0.4
0.782,4.2
1.15,2.55
1.12,3.55
1.078,6.46
1.3,1.95
1.02,11.0
0.746,8.32
1.16,3.55
1.115,4.47
0.894,2.9
0.75,13.4
1.32,1.6
1.46,0.8
0.86,4.68
1.418,1.5
0.789,4.3
1.386,1.3
1.386,1.3
1.068,0.5
1.33,0.74
0.506,13.9
0.762,1.29
0.943,0.5
0.28,7.76
1.21,2.75
1.19,4.07
0.8,4.37
1.07,0.3
0.91,0.5
0.979,8.91
0.816,8.7
1.023,7.76
1.02,8.91
1.32,4.26
0.84,3.72
0.63,3.09
0.626,5.0
0.81,5.25
0.889,8.8
0.878,2.4
1.06,6.31
1.295,4.24
0.99,4.27
1.027,0.3
1.24,1.38
0.94,4.68
0.84,0.75
0.77,13.7
0.635,1.0
1.002,5.2
0.628,13.7
1.05,2.31
0.89,7.54
0.989,7.59
0.81,2.63
0.619,13.8
0.96,7.9
1.33,2.0
0.92,10.7
1.08,5.13
0.97,2.82
2.09,0.8
2.22,0.458
0.931,0.7
0.72,2.34
1.06,0.3
0.9,10.2
0.887,2.14
1.5,2.4
0.92,10.96
0.876,1.2
1.26,1.6
1.15,3.4
1.591,2.2
0.94,4.57
1.2,2.55
0.89,8.6
1.082,4.68
1.07,5.84
0.764,9.33
0.75,3.98
0.625,13.6
0.717,12.9
1.22,5.13
1.0,6.2
1.33,4.0
1.38,3.63
1.339,3.0
0.91,4.79
1.178,6.43
0.98,4.27
0.934,1.32
1.102,0.98
0.957,8.32
1.066,7.59
0.679,13.9
0.953,0.5
0.95,4.17
0.76,6.46
1.191,2.8
1.16,3.8
1.91,1.32
1.05,3.31
0.871,3.31
0.98,4.17
1.1,2.0
0.54,3.8
0.52,8.38
1.002,7.08
0.634,5.2
0.96,1.55
1.255,4.66
1.248,2.69
0.702,13.8
0.97,2.82
1.11,3.16
0.84,4.47
1.028,0.3
0.88,4.68
0.76,1.8
1.108,4.57
0.86,4.79
1.15,3.47
0.602,13.8
0.99,4.27
0.729,3.8
0.99,4.17
1.017,6.2
0.22,0.15
1.04,3.55
0.842,12.3
1.091,1.9
1.31,4.59
0.95,7.2
0.795,2.75
1.055,1.0
1.198,3.16
1.05,3.8
1.413,2.9
1.1955,0.4
0.635,13.9
0.939,0.4
0.72,2.95
0.923,12.3
0.79,6.2
1.011,0.4
1.239,4.47
0.92,10.0
1.11,2.4
1.073,0.3
0.6,0.12
0.998,1.29
1.91,1.32
0.85,5.13
0.98,4.07
0.0131,3.0
1.02,5.5
1.21,1.4
0.553,13.7
1.31,4.34
1.03,0.5
1.6,2.4
1.18,4.37
1.16,4.57
0.81,8.71
1.65,1.29
1.28,1.36
0.87,4.27
0.74,3.09
1.147,1.622
0.98,4.1
0.568,14.0
0.97,4.57
0.72,14.0
1.335,1.05
1.16,2.63
1.17,3.72
1.35,3.1
0.78,9.2
0.97,4.17
1.5,1.58
0.806,3.8
1.12,3.02
1.29,3.98
0.88,11.9
0.91,13.18
0.781,2.6
0.89,4.27
1.219,4.0
0.86,4.47
1.27,1.0
0.954,0.4
0.9,4.68
0.892,3.72
0.823,0.7
0.93,5.13
0.941,0.6
1.001,0.4
1.07,3.39
0.9,4.27
1.227,5.761
0.83,4.79
0.816,6.31
1.1,3.89
1.13,2.54
0.991,7.41
1.02,4.47
0.857,0.7
1.45,2.57
0.927,8.91
0.84,3.24
1.11,3.31
0.827,6.31
1.03,4.17
1.04,0.3
0.96,0.7
0.697,10.72
0.697,10.72
1.13,3.24
0.823,7.48
0.76,0.0054
0.76,0.0054
0.19,0.03
0.95,0.12
0.982,0.008
0.982,0.008
1.0,4.0
0.97,0.4
0.99,2.0
0.06,0.003
1.021,4.47
1.06,1.1
1.04,0.3
1.159,5.25
1.02,4.0
1.06,3.98
0.96,2.75
1.02,4.0
0.949,1.2
0.81,4.79
1.024,2.45
0.895,0.5
0.95,4.57
1.19,5.5
1.7,1.8
0.56,3.31
0.98,4.07
0.942,4.37
0.94,4.47
0.919,14.0
1.13,3.8
1.199,5.0
1.002,0.4
0.872,2.95
0.92,4.17
0.729,3.0
0.65,12.4
1.055,7.76
1.208,4.79
0.837,0.7
1.208,4.07
1.06,5.5
1.065,0.3
0.96,7.0
0.995,5.5
0.858,11.48
1.17,2.63
1.024,6.92
1.244,1.32
1.067,2.88
1.2,4.5
0.98,4.47
0.9,4.37
0.73,13.8
1.129,0.28
1.171,4.0
2.3,1.22
1.19,2.75
1.15,3.55
0.737,1.0
0.8,2.09
1.053,2.525
0.95,4.37
0.841,2.0
0.808,0.7
1.072,2.51
0.757,0.8
0.97,6.92
0.49,4.47
0.63,4.47
0.79,2.69
0.854,1.78
0.89,11.27
0.987,6.61
1.32,4.3
1.09,3.87
0.942,6.6
0.96,4.68
1.21,3.16
0.572,1.9
1.35,3.72
0.89,4.37
1.09,3.63
0.95,5.5
0.99,7.24
0.96,3.8
0.33,0.0075
0.93,3.98
1.25,4.37
0.85,4.68
0.91,4.37
0.629,1.2
0.968,0.4
0.65,12.4
1.12,5.0
1.25,2.45
1.0,3.8
1.078,4.47
1.123,6.61
1.069,0.3
1.15,4.27
0.724,1.0
1.13,1.1
1.11,0.3
1.4,3.56
1.1,7.6
1.403,1.5
0.51,0.79
0.978,9.1
0.553,13.9
0.86,4.57
0.72,2.75
0.946,9.4
0.85,4.17
0.876,2.4
0.991,4.27
0.725,3.16
1.03,3.55
0.88,4.47
0.86,4.47
0.6,3.55
1.09,3.39
1.144,3.98
1.31,4.59
0.914,14.0
0.72,14.0
1.14,0.4
0.78,5.62
1.139,0.3
0.81,5.01
0.988,8.2
0.994,0.6
0.986,0.4
0.968,9.55
1.18,5.69
0.765,1.86
0.8,4.79
0.897,8.14
0.92,4.68
1.21,4.34
1.118,1.7
0.854,5.89
0.859,4.57
0.92,12.0
0.637,13.9
0.831,12.3
0.794,1.1
0.751,9.3
1.02,4.07
1.443,2.51
1.1,3.55
1.14,4.47
1.0,2.64
1.0,7.1
0.802,4.8
1.22,2.88
1.313,3.63
0.969,9.12
0.75,9.77
1.024,2.45
1.139,0.93
0.777,7.1
0.62,13.9
0.941,5.01
0.75,14.0
0.93,4.57
1.03,4.17
1.13,4.2
1.223,4.5
1.0,1.0
1.03,3.55
1.15,5.89
0.94,3.98
1.238,4.29
1.09,3.47
0.662,0.74
0.96,2.95
0.546,13.9
1.22,5.0
1.47,1.0
0.79,4.3
1.143,7.59
1.32,3.47
0.93,1.75
1.026,2.5
0.619,9.7
0.917,4.1
0.99,2.0
0.756,3.8
1.025,9.22
0.705,7.9
1.08,3.8
1.07,2.1
1.648,1.27
0.98,0.6
1.12,9.4
1.255,4.66
1.4643,2.5
1.27,2.3
1.18,2.87
1.19,2.65
1.207,2.2
0.96,0.57
1.18,2.87
0.911,6.6
0.994,0.74
0.905,10.0
0.91,10.6
0.969,4.8
1.021,2.69
0.91,8.1
1.09,5.7
1.01,4.37
0.942,3.09
0.901,9.3
0.942,3.09
0.93,5.0
1.08,2.14
1.06,0.3
0.927,10.0
1.07,1.45
1.178,6.43
0.856,7.9
1.05,6.78
0.345,7.0
0.87,5.72
0.81,8.7
0.739,6.7
0.75,0.18
1.26,1.1
0.23,3.0
1.85,0.006
0.862,3.9
1.21,5.0
0.833,10.9
0.803,1.07
0.8,4.07
0.606,10.0
0.803,1.07
0.803,1.07
0.847,8.6
0.906,1.66
0.931,2.4
1.22,2.5
0.99,0.414
0.99,0.414
1.23,2.0
1.09,1.7
1.06,2.1
0.976,8.2
1.21,2.53
1.34,2.84
0.8048,2.1
1.022,0.7
1.299,4.04
0.956,4.17
0.951,4.4
0.73,3.8
0.732,0.83
0.97,4.37
0.6017,14.9
0.84,5.01
1.078,2.82
0.929,5.6
0.889,2.3
0.787,8.32
0.79,7.6
0.852,10.2
0.63,3.0
0.807,0.3
0.863,0.4
0.94,9.1
1.8,2.5
1.3,3.9
0.78,6.1
0.51,0.8
1.452,1.07
0.936,1.9
0.727,6.3
0.68,13.9
1.06,8.6
0.853,2.1
1.03,0.075
0.98,3.47
1.057,7.29
0.84,13.5
1.406,2.7
1.167,3.1
0.89,10.8
0.8,4.07
1.034,2.1
1.03,6.7
0.5485,15.9
0.95,1.58
1.01,0.6
1.273,3.37
0.847,4.7
0.78,4.68
1.31,3.47
1.11,3.16
0.777,7.1
0.95,1.95
1.201,4.44
1.16,2.6
0.956,0.414
0.9883,1.5
1.6,0.0135
0.644,14.0
0.987,0.4
1.27,4.73
1.23,4.6
1.003,10.84
0.679,6.7
0.85,0.204
0.9,0.39
1.227,3.2
0.916,1.48
0.9,3.9
1.363,2.1
1.242,1.0
0.961,8.1
0.56,4.68
1.05,0.3
0.9,9.6
1.024,1.7
1.06,3.2
1.47,4.1
1.35,1.41
0.903,4.68
1.022,0.7
1.178,5.2
1.19,2.29
1.483,2.43
0.891,3.3
0.998,7.3
1.318,6.2
1.167,4.64
0.58,0.8
0.56,4.68
1.28,4.3
1.4,2.8
0.81,8.7
0.8222,13.9
1.337,2.1
0.872,7.0
1.238,4.29
0.86,3.24
1.05,7.59
1.56,3.0
1.12,0.61
0.963,2.88
1.08,2.2
0.883,12.88
1.03,3.8
1.04,0.3
1.226,4.24
1.59,1.6
0.95,12.97
1.062,3.0
1.093,2.3
1.098,2.5
1.015,10.0
0.94,1.1
0.345,7.0
0.71,0.688
1.242,4.5
0.967,4.9
1.284,2.5
0.96,10.8
1.039,0.4
0.865,2.07
1.135,2.63
1.17,3.4
1.12,9.4
1.254,3.8
1.068,3.8
1.053,0.1
1.19,5.63
1.59,1.29
0.23,6.0
0.857,7.0
2.07,1.1
1.36,3.35
1.08,0.0051
1.47,2.82
0.9279,0.8
0.679,6.2
0.836,10.71
0.123,5.5
0.906,4.0
1.28,4.3
0.856,2.5
0.489,2.88
1.12,6.03
1.28,4.4
1.28,4.47
1.118,4.9
1.04,4.1
1.21,2.82
1.082,0.4
0.997,0.4
1.204,2.3
1.125,0.562
1.119,3.3
0.948,12.82
1.022,0.7
1.0404,0.7
0.913,1.4
1.312,2.7
1.012,6.7
0.498,7.2
0.876,11.7
1.2518,3.2
0.418,7.2
0.745,6.6
0.896,9.0
0.76,1.95
0.43,6.61
0.74,6.67
1.1,6.7
1.01,6.17
1.044,8.47
1.01,2.0
1.001,2.1
1.166,6.9
1.271,1.9
1.21,4.6
1.088,5.5
0.95,10.2
1.36,3.88
1.31,4.92
1.192,0.7
1.24,0.8
1.037,4.2
1.146,0.65
1.03,5.25
1.168,10.5
1.22,3.31
1.2,10.0
0.779,13.2
0.87,0.212
1.131,2.1
1.538,2.25
0.942,5.6
0.9,3.9
0.87,5.72
1.549,2.44
0.885,7.9
1.107,6.0
0.789,1.5
1.4,2.2
0.81,8.7
0.81,8.7
1.045,11.9
0.87,3.1
1.07,3.7
1.13,5.83
1.07,4.0
1.218,2.0
0.089,8.0
0.8,0.5
1.41,3.4
1.524,1.9
1.187,4.74
0.77,1.78
1.02,6.61
0.81,4.79
1.44,3.0
1.15,0.34
0.94,0.5
0.74,3.24
0.725,3.16
1.11,5.0
0.84,4.68
1.249,4.3
1.275,4.3
0.931,10.3
1.18,3.99
0.866,10.3
0.88,6.92
1.324,4.51
1.236,5.13
1.133,2.7
0.89,7.0
0.806,7.6
0.842,8.8
0.916,12.4
0.89,7.0
1.002,1.0
1.278,3.0
1.093,4.67
1.334,0.7
0.64,4.0
0.335,5.4
0.26,10.0
0.7601,16.1
1.112,4.5
1.273,3.37
0.902,9.7
1.04,5.5
0.84,13.9
1.14,0.1
1.38,1.93
1.036,0.18
1.218,3.17
0.62,2.1
0.781,4.1
1.007,0.72
1.041,8.1
1.156,1.5
0.514,13.8
1.02,3.8
0.92,4.47
1.05,3.72
1.44,3.7
0.932,10.47
1.19,2.82
1.071,6.8
0.981,0.4
1.229,3.09
0.836,2.3
0.958,0.4
1.435,0.51
1.105,6.46
0.61,13.9
1.003,0.4
0.86,12.88
1.08,5.37
0.789,4.3
0.789,4.3
0.789,4.3
1.065,0.3
1.026,5.7
0.823,6.2
0.86,7.2
1.28,4.4
0.91,0.5
0.849,7.8
1.156,2.14
1.405,1.18
0.898,3.33
0.8,4.17
1.32,2.13
1.03,0.5
1.54,2.55
1.213,6.9
1.118,3.7
0.97,1.9
1.144,3.98
1.75,0.023
1.09,2.7
0.95,8.71
1.42,2.1
1.02,8.0
1.067,1.51
1.19,1.74
1.347,3.5
1.156,3.2
1.336,4.0
1.03,6.31
1.12,2.8
1.259,2.0
0.45,0.007
0.935,2.8
0.674,8.1
1.275,3.38
0.99,0.98
1.379,2.06
1.277,3.16
1.044,8.47
1.9,0.29
0.95,10.5
0.986,6.46
0.8,2.82
0.807,12.9
1.46,1.7
0.9342,1.2
0.944,6.4
1.207,2.2
0.98,9.8
1.18,0.79
1.15,6.7
1.59,1.29
0.83,0.3
1.081,6.0
1.55,4.4
0.92,0.5
1.68,0.27
1.496,1.34
1.06,3.8
0.312,2.0
0.98,4.17
0.629,13.9
1.128,0.53
1.077,5.1
1.09,1.635
1.008,7.3
1.512,2.2
0.491,13.8
0.96,4.57
0.842,0.6
1.053,4.57
1.13,4.37
0.92,6.4
1.496,1.34
0.898,7.94
0.557,13.9
0.945,4.4
1.08,5.37
0.9373,6.0
0.829,9.6
1.53,3.6
0.851,7.5
1.25,2.6
1.386,3.2
1.48,3.0
0.851,7.5
0.91,8.2
1.559,2.0
1.559,3.0
1.121,4.2
0.696,10.4
0.9,5.1
0.91,8.2
1.248,4.77
1.449,1.7
0.88,6.1
1.132,2.35
1.27,0.46
1.048,5.7
1.538,2.39
1.029,8.3
0.998,7.8
0.932,4.68
1.452,1.5
0.915,13.9
0.72,3.63
1.15,3.31
1.15,2.14
0.912,0.5
1.1,0.3
0.63,5.3
0.823,0.7
0.97,4.37
0.91,5.62
0.81,6.5
0.84,4.9
1.07,0.4
0.956,0.5
0.865,3.89
0.645,13.9
1.035,0.3
1.03,3.8
0.964,0.4
1.11,0.3
0.976,0.5
1.17,2.88
0.855,0.6
0.957,5.4
0.94,8.51
1.021,4.17
1.094,5.89
0.534,14.0
0.965,7.9
1.011,8.13
1.023,0.4
1.24,3.8
0.029,6.0
1.07,2.82
0.96,4.17
0.952,5.9
0.921,9.4
1.072,2.51
1.198,0.31
1.14,6.7
0.93,4.68
1.12,4.07
0.055,0.2
0.334,2.55
0.856,9.6
1.03,0.5
0.552,13.8
1.06,3.39
0.79,5.5
0.986,6.46
1.06,5.89
1.154,3.63
0.641,1.3
1.49,1.79
0.97,0.5
0.87,2.09
1.101,3.3
1.404,2.0
0.798,1.7
1.1,1.9
0.926,9.58
0.601,14.0
1.16,0.85
1.65,2.5
1.004,3.24
1.07,4.8
1.19,4.9
0.649,10.2
0.828,0.96
0.58,3.09
1.14,2.62
0.908,4.4
1.65,1.46
0.82,3.39
1.187,4.3
1.1,2.1
1.04,3.89
0.925,7.1
0.932,1.45
0.909,13.9
1.13,2.95
1.031,2.45
1.029,0.3
0.564,13.9
0.91,0.5
0.86,4.6
0.693,1.8
1.03,4.79
1.24,3.8
1.145,2.69
1.05,3.3
1.11,2.51
0.882,9.4
1.171,2.3
0.998,0.4
0.64,3.72
0.794,2.88
0.88,3.0
1.17,3.16
0.99,5.89
1.16,4.57
0.961,0.5
1.08,3.89
1.29,4.37
0.86,4.17
0.7311,12.17
0.78,4.27
0.753,13.2
0.86,10.47
0.827,0.6
1.13,3.63
0.91,4.47
0.816,8.7
0.695,13.7
1.126,7.41
0.87,4.37
0.77,3.3
0.92,4.8
0.95,4.37
0.825,6.31
0.86,4.37
1.068,0.3
0.908,0.5
0.891,2.0
0.75,5.13
0.843,2.8
0.76,6.99
1.26,2.0
1.32,3.5
1.0,2.34
0.993,1.6
0.81,11.6
0.889,8.8
0.961,5.5
0.935,0.578
1.25,2.4
1.229,4.57
1.02,3.89
1.02,4.17
0.808,2.04
0.97,1.9
0.694,4.17
1.12,3.31
0.81,4.9
0.964,1.4
0.577,13.8
0.631,14.0
0.64,3.47
0.854,1.78
0.8,1.0
1.076,4.07
0.97,2.95
0.958,0.4
1.26,2.04
0.864,3.39
0.94,5.65
1.26,2.24
1.202,2.349
1.283,3.98
1.295,4.24
1.101,6.5
0.81,6.76
0.876,1.2
1.11,0.4
0.79,3.24
0.487,13.9
0.981,0.46
1.299,3.55
0.922,13.2
0.722,3.1
1.12,3.16
0.737,1.0
0.81,1.41
1.09,2.95
0.73,14.0
0.682,6.8
0.88,4.47
1.0,7.47
0.856,0.8
0.797,3.16
1.076,6.5
0.738,2.88
0.578,1.6
0.81,11.0
0.97,3.5
0.73,2.0
0.77,5.62
0.987,1.2
0.972,0.4
0.62,4.17
0.823,7.48
0.756,1.0
1.07,1.62
0.98,4.27
1.308,2.6
1.22,1.6
1.286,2.7
1.12,6.0
1.353,1.5
1.0,4.47
0.92,4.27
0.946,4.9
0.846,10.5
0.82,4.37
0.76,2.14
1.2,2.75
1.181,2.92
0.782,12.88
1.166,2.5
1.031,3.0
0.9,1.55
0.549,13.9
1.03,0.3
1.035,0.3
1.04,4.1
1.03,4.9
0.945,0.5
1.278,3.13
1.28,2.04
1.1,8.3
1.085,6.1
1.12,11.9
1.48,2.0
0.936,9.12
0.85,3.98
1.12,1.02
0.95,3.98
1.21,2.75
0.33,4.17
0.85,4.27
1.057,9.9
1.049,7.41
0.93,4.57
0.96,4.57
1.12,0.63
1.2,0.3
0.834,1.38
1.05,3.31
1.051,1.62
0.944,8.5
1.16,7.6
0.35,0.002
0.52,8.38
1.239,5.11
1.353,1.5
1.119,1.03
1.374,3.0
0.454,4.2
1.03,3.31
1.126,5.13
0.051,0.011
0.94,4.7
0.98,4.37
0.99,4.07
0.83,4.37
1.21,1.4
1.081,6.46
0.07,0.225
1.209,3.8
0.582,9.8
1.157,5.3
1.309,2.88
0.938,11.9
1.36,2.88
1.374,3.0
0.803,9.8
1.06,3.8
1.11,0.3
0.861,0.7
1.22,4.75
0.95,4.37
0.76,4.47
1.161,0.25
0.871,3.31
0.79,5.25
0.756,6.7
1.05,7.76
1.36,2.6
1.345,2.6
1.119,3.1
0.85,4.5
1.101,6.5
0.976,1.5
1.07,2.1
1.04,4.47
1.45,2.2
1.271,3.9
1.41,3.4
1.048,5.7
0.95,0.6
1.1,3.0
1.099,3.5
1.207,2.2
0.983,2.04
0.9,3.39
1.18,3.9
0.98,8.6
1.26,4.2
1.29,2.3
1.317,1.9
1.28,2.8
1.19,7.9
1.062,6.6
1.14,3.5
1.34,0.9
0.826,2.0
0.826,7.0
1.0678,8.7
1.09,9.3
1.007,5.9
1.095,4.0
0.851,8.2
1.26,2.1
1.512,2.7
1.021,7.0
0.94,2.6
0.946,4.08
1.106,9.5
0.88,4.37
0.83,6.61
1.13,0.43
1.16,3.8
1.0,5.8
1.16,4.4
1.0,4.27
0.972,10.0
0.867,3.0
1.33,2.0
0.8,2.57
0.85,4.68
0.969,9.12
0.978,2.4
0.77,2.24
1.02,3.63
1.349,1.79
1.21,5.0
1.278,3.13
1.16,3.09
1.0,6.46
1.2388,3.1
1.097,6.92
1.022,1.45
0.94,5.5
0.85,4.68
0.904,12.88
0.54,2.0
1.257,4.46
1.43,1.31
0.781,0.5
1.46,0.78
0.997,4.0
1.21,0.25
0.933,6.8
0.9406,6.6
1.251,2.3
1.0,2.4
0.841,0.7
1.07,0.3
0.83,5.01
1.03,0.5
1.26,3.56
0.52,3.31
0.7,13.7
1.191,2.8
0.645,10.4
0.9,4.37
1.11,4.6
0.796,13.4
1.07,0.3
1.3,3.7
0.8208,4.7
0.646,7.1
1.461,0.31
1.41,3.62
1.12,7.75
1.13,5.7
0.98,3.0
0.93,3.89
1.31,4.86
1.32,1.17
1.036,0.18
1.351,3.02
0.995,5.9
1.415,2.3
1.12,0.3
0.994,7.5
0.935,2.8
0.98,0.6
1.543,1.5
1.138,5.7
1.092,3.25
1.22,3.44
0.94,3.72
1.27,2.4
0.768,1.66
0.96,3.39
0.546,13.9
0.98,0.5
0.858,13.49
0.972,10.0
0.49,2.9
0.961,4.0
0.955,7.7
1.249,1.3
1.3,3.02
1.23,3.6
1.118,0.035
1.524,1.9
1.181,2.92
1.249,2.95
1.106,9.5
0.57,7.0
1.14,5.2
0.59,0.8
0.871,6.6
0.9698,10.8
0.59,0.8
0.63,0.12
1.005,0.62
1.018,5.8
0.842,6.4
1.409,1.69
1.33,2.0
1.41,3.4
1.12,6.6
1.071,3.05
0.538,13.4
1.147,2.9
0.988,9.0
0.78,5.62
1.08,3.55
1.0,2.1
1.178,0.8
0.79,13.9
1.038,4.3
1.38,2.0
1.24,2.51
0.891,3.3
1.214,2.76
1.028,0.3
1.49,2.45
1.25,5.0
1.02,1.62
1.03,6.31
0.92,1.3
0.942,5.6
1.5,2.66
1.08,0.65
0.55,4.57
0.986,5.13
1.33,2.14
0.99,6.92
0.95,9.7
0.854,14.0
0.825,4.4
0.94,3.2
0.91,6.2
1.029,8.3
1.17,4.7
0.839,9.33
1.15,4.4
0.51,1.65
1.094,2.98
1.89,0.6
1.006,6.76
0.954,2.6
1.14,3.02
0.92,4.79
1.145,4.68
0.865,0.6
0.84,4.68
1.121,7.8
0.947,10.2
1.1955,0.4
0.904,0.1
0.92,1.3
0.842,6.4
1.112,4.5
1.017,6.2
1.458,1.6
1.098,6.73
1.0,6.6
0.93,12.9
0.57,4.79
1.042,0.4
1.41,3.62
1.277,3.16
0.86,9.7
1.393,2.6
1.01,3.2
0.94,3.2
1.047,6.4
1.1,1.3
1.0,6.9
0.512,13.7
1.212,0.88
1.08,0.65
0.896,0.17
0.984,7.2
1.03,3.55
1.18,2.82
1.285,3.3
0.945,5.9
0.797,9.7
1.257,1.78
1.1,3.0
1.196,2.9
1.338,2.1
1.093,2.3
0.97,4.79
0.94,10.96
0.779,5.89
0.98,6.17
0.94,4.17
1.101,3.3
0.93,5.2
0.505,3.2
1.198,3.16
1.07,7.9
1.28,2.2
1.28,0.8
0.829,9.6
1.08,0.65
0.71,4.37
1.011,8.13
0.38,4.37
0.471,1.3
0.9,8.6
1.311,1.28
0.97,4.37
1.249,2.95
0.632,7.1
0.78,6.2
0.674,8.1
0.992,6.03
0.93,3.4
0.91,5.62
1.063,4.0
0.98,2.19
1.178,5.2
1.2,1.48
0.857,11.48
0.994,7.5
0.913,0.8
0.544,7.8
0.4,0.21
0.82,0.6
0.171,1.0
0.171,1.0
0.97,10.0
1.11,6.5
1.11,6.5
1.28,2.55
0.962,2.5
1.04,6.5
1.11,6.5
1.181,4.9
0.917,3.0
0.936,3.6
1.54,1.7
0.834,10.9
1.01,0.5
0.59,3.39
0.987,0.3
1.08,7.41
1.21,4.7
1.022,6.6
1.351,3.02
0.97,4.27
1.07,3.39
1.16,3.31
0.602,13.9
0.78,2.29
0.8,14.0
1.298,2.88
0.82,5.13
0.91,4.57
1.45,3.0
0.2634,0.73
1.538,2.25
1.28,3.8
0.8784,4.2
1.06,3.55
0.906,0.4
0.99,7.24
0.9,0.005
1.28,2.2
0.99,4.79
1.017,2.5
1.01,3.2
0.962,2.5
1.256,1.09
1.263,1.02
0.933,6.8
2.06,0.86
0.18,0.12
1.08,6.4
0.942,8.96
1.13,5.7
0.83,11.0
0.794,12.46
1.3,1.65
1.099,3.5
0.99,6.31
1.082,5.5
0.574,8.1
0.744,4.8
1.02,8.0
0.833,10.9
1.08,6.4
1.08,6.4
0.8,7.81
0.86,7.0
0.794,12.46
0.81,11.0
1.642,1.24
0.86,7.0
1.1,2.0
1.24,2.8
0.964,9.0
1.12,7.0
1.2,3.0
1.07,3.92
1.07,3.92
0.991,7.4
1.08,6.4
1.11,7.1
0.81,11.0
1.3,5.0
1.31,3.12
1.17,0.02
1.441,2.94
0.77,1.6
0.83,0.8
1.02,5.2
0.86,7.0
1.192,4.65
0.996,3.1
0.69,8.0
0.413,5.0
0.842,6.4
1.17,3.98
1.06,3.55
1.573,1.894
0.876,9.7
1.135,4.7
0.972,10.0
1.212,0.88
0.159,1.1
1.08,8.5
1.094,2.98
0.8,7.81
1.188,1.43
1.05,6.78
1.345,4.81
1.026,2.5
1.453,1.77
0.87,4.68
0.312,2.0
0.852,9.4
1.032,5.5
1.181,2.92
1.38,1.93
0.75,4.57
0.831,0.98
0.944,6.4
1.02,4.27
0.82,4.79
1.1,2.1
0.972,3.98
0.81,8.71
1.273,3.26
0.334,2.55
1.187,4.74
0.645,3.9
1.18,3.99
1.188,1.43
1.26,2.12
1.48,2.8
1.204,2.0
1.19,3.24
0.947,10.2
0.76,6.99
0.35,6.8
1.14,3.09
1.04,6.5
0.97,1.7
0.887,9.4
0.9483,5.9
1.07,2.1
1.097,7.55
0.9,0.6
0.996,1.9
0.95,8.71
1.75,0.8
1.04,2.16
1.334,2.57
1.215,4.4
0.83,9.12
0.612,9.6
0.85,11.0
1.44,1.6
0.776,0.2
1.268,1.98
0.95,7.5
1.362,4.38
0.75,6.03
1.021,7.0
0.89,4.47
0.945,4.0
1.061,0.68
1.17,6.9
1.078,3.6
1.59,1.29
0.865,0.6
0.875,9.7
0.542,6.1
1.097,7.55
1.257,1.78
0.784,14.9
0.93,3.4
0.947,9.1
1.145,0.31
1.04,4.27
1.59,1.29
1.173,5.3
1.178,5.2
0.854,14.0
0.816,9.0
0.87,5.2
1.452,1.5
1.242,3.3
0.87,0.212
1.0,6.9
1.081,6.8
0.89,3.0
0.96,2.0
0.892,8.0
1.337,3.802
0.91,6.2
1.024,6.92
1.005,4.22
1.01,0.045
1.056,5.1
1.25,5.0
0.544,7.8
1.2,7.0
1.4,1.95
0.816,9.0
0.63,0.12
0.9245,7.9
0.794,13.2
1.47,4.4
1.07,0.3
1.132,0.33
0.77,2.09
1.017,6.2
0.88,0.05
1.032,5.5
1.277,3.16
1.49,1.79
0.64,7.1
0.87,9.75
0.9867,7.7
1.076,5.952
1.22,4.0
1.205,3.8
1.22,4.0
1.22,4.0
1.22,4.0
1.204,3.8
1.204,5.2
1.204,2.0
1.167,5.1
1.023,8.1
0.822,0.053
1.05,2.63
1.334,2.57
0.788,0.09
0.73,5.25
0.929,6.2
0.96,2.69
0.645,3.9
1.75,0.8
1.0062,4.0
0.98,4.17
1.27,2.4
1.03,3.72
0.648,6.8
0.881,11.3
0.8,0.85
0.77,12.9
1.097,7.55
1.11,7.23
0.887,9.4
1.01,7.0
1.11,5.0
0.94,2.6
1.181,5.6
1.17,0.72
1.317,3.02
1.07,3.7
1.031,7.11
1.313,0.9
1.415,2.63
1.0,7.47
1.208,3.1
1.024,1.9
1.16,0.24
1.379,2.06
1.194,0.8
0.8,7.1
0.333,4.0
0.93,5.01
0.938,1.82
1.105,6.46
1.342,0.62
0.892,8.0
1.591,2.2
1.199,3.3
1.032,5.5
0.601,11.0
0.83,5.7
1.158,5.3
0.4,0.21
1.013,1.78
1.07,8.03
0.929,3.6
1.186,5.4
1.3,1.65
0.77,2.82
1.158,3.1
1.025,6.1
1.205,1.65
1.19,11.0
1.165,1.0
0.788,0.09
1.403,2.04
0.776,0.2
0.584,13.8
1.14,4.37
1.0022,4.0
1.118,0.035
0.962,2.5
1.507,2.73
0.942,1.62
1.272,1.52
1.299,4.04
1.86,0.94
1.184,5.75
1.393,2.6
1.09,1.635
1.21,3.1
0.956,4.17
1.22,3.44
0.756,1.4
0.94,10.72
0.64,3.47
0.84,10.5
0.928,0.5
1.075,5.75
1.1578,6.2
1.066,7.08
1.0,4.07
0.89,7.76
0.704,13.8
1.27,5.04
0.89,8.2
1.24,3.02
0.958,2.3
0.582,13.8
1.056,0.3
0.794,2.14
0.99,4.27
1.525,2.14
0.733,13.5
0.54,3.8
0.829,8.51
0.89,4.79
1.029,3.5
1.36,3.89
0.81,2.29
1.081,6.46
0.96,0.4
1.227,5.761
0.88,3.14
0.917,13.9
0.95,8.0
0.49,3.0
1.334,3.98
0.75,9.77
0.918,8.2
0.988,0.4
0.883,2.34
1.0,2.3
1.19,3.09
0.877,12.88
0.876,12.88
0.65,13.9
1.125,4.17
0.94,6.17
0.55,5.13
0.69,3.63
1.1,3.24
0.777,13.8
1.022,8.4
0.777,13.6
0.951,0.4
1.14,3.12
1.06,4.47
1.244,1.32
0.99,3.72
1.12,3.09
1.163,0.5
0.927,0.5
0.86,4.47
1.035,0.3
0.849,8.51
1.46,2.57
0.97,4.47
2.211,0.84
1.01,0.5
0.95,4.17
0.998,0.4
0.867,2.19
0.546,13.8
0.81,6.5
1.076,5.25
0.828,1.55
1.037,2.24
1.106,2.91
1.29,4.0
1.234,0.82
1.26,5.36
1.198,0.31
0.953,5.6
0.95,0.4
0.59,3.8
0.85,4.79
1.3,2.24
1.11,3.31
1.09,5.13
0.719,7.7
0.857,11.48
1.07,8.5
1.39,2.8
0.677,13.9
1.09,3.55
1.001,2.1
0.645,3.9
1.0,4.83
0.801,1.66
1.17,6.3
0.99,0.8
1.16,0.23
0.55,5.89
0.889,9.3
1.02,0.5
1.226,5.5
0.789,3.5
1.224,6.03
1.27,2.0
0.919,0.8
0.95,10.47
0.984,7.2
0.87,7.0
1.137,4.57
0.794,1.1
0.43,0.79
0.58,13.8
1.199,5.0
0.761,13.18
0.666,14.0
0.83,6.61
0.545,13.5
1.001,0.4
0.829,8.51
0.58,3.16
0.981,5.0
0.8,3.55
0.953,0.5
0.816,8.7
0.79,3.72
1.127,2.3
0.931,0.5
0.92,12.5
0.84,4.9
0.994,0.6
0.83,4.9
1.11,1.9
0.807,2.09
0.942,8.96
1.93,0.43
1.06,5.62
0.893,1.74
0.935,2.8
1.206,2.5
0.77,5.13
1.04,0.3
0.59,3.47
1.184,5.75
1.171,4.0
0.59,3.8
0.891,2.0
0.74,14.0
0.766,12.88
0.544,4.0
1.0,0.4
1.27,2.0
1.14,0.53
1.049,0.3
0.794,1.1
1.024,4.8
1.091,3.0
0.21,8.07
0.888,9.233
1.098,4.07
0.69,14.0
0.878,0.7
0.7,13.7
1.041,8.91
0.507,6.0
0.795,2.4
0.161,3.0
0.174,1.0
0.88,4.79
0.6,3.16
0.93,4.27
1.05,7.59
1.31,2.4
0.679,11.7
1.045,0.4
0.9,4.37
0.94,4.27
0.93,2.45
0.76,4.68
0.85,5.01
0.95,3.98
0.529,13.9
0.794,12.46
0.82,0.6
1.11,1.4
0.84,0.6
1.11,3.47
1.15,3.09
0.793,3.55
0.74,14.0
0.93,3.98
1.01,1.3
0.927,0.4
1.047,9.5
1.15,0.75
0.98,4.47
1.5,0.06
0.139,0.5
0.139,0.5
0.729,13.9
1.21,2.75
0.97,4.47
1.13,1.41
0.983,2.04
1.44,2.0
0.87,11.3
1.259,2.0
1.11,4.27
1.06,4.07
0.781,0.7
1.02,4.07
1.19,3.47
0.834,10.9
0.908,1.1
0.82,5.13
1.203,3.05
1.22,4.6
0.98,4.68
0.611,3.5
1.03,4.37
0.918,3.7
0.34,4.07
1.02,3.8
1.022,2.0
0.86,3.47
0.814,9.7
1.111,6.3
2.0,1.35
0.91,10.165
0.73,4.57
1.02,3.72
0.93,4.68
0.48,4.17
0.91,9.7
0.56,2.95
0.818,13.18
0.64,3.72
0.957,0.4
1.17,3.72
1.094,1.07
1.04,5.5
0.88,11.75
1.14,0.26
0.9,0.9
0.801,7.9
0.985,10.23
0.92,7.0
0.885,0.5
0.98,0.4
0.84,5.37
0.95,3.63
0.66,3.8
0.808,0.7
1.17,5.89
0.84,13.4
1.31,3.12
0.3899,8.047
0.18,0.12
0.938,0.4
0.53,3.98
1.1,3.63
0.78,5.62
1.13,4.0
0.782,6.2
0.904,1.86
1.14,3.47
1.204,3.24
1.34,2.0
1.02,5.01
0.73,3.98
0.1118,5.0
1.5,0.06
0.878,4.68
0.91,0.6
1.13,3.53
0.7,1.3
1.0,4.83
0.61,0.55
1.25,3.09
0.91,4.57
0.654,4.6
1.0,11.0
0.3,1.0
1.06,1.78
0.63,4.47
1.207,0.88
1.04,3.5
1.375,2.88
1.08,4.3
1.25,2.63
1.054,0.4
0.783,14.0
0.139,0.5
0.139,0.5
1.125,1.25
1.053,4.57
0.95,3.89
1.08,0.4
0.96,4.07
1.05,1.36
0.98,3.98
1.108,3.55
1.154,0.94
0.67,3.47
0.546,13.9
0.97,1.7
0.7,2.69
1.053,7.08
1.28,4.21
0.78,2.88
1.2384,3.1
0.84,4.57
1.08,6.03
1.2,2.82
0.87,2.0
1.09,6.2
1.18,3.24
0.892,0.7
0.57,2.69
1.15,2.95
0.825,0.6
1.21,3.39
0.8,4.9
1.009,0.3
0.81,2.75
1.015,4.6
1.02,5.2
0.93,4.47
0.89,8.6
1.06,3.89
0.89,4.57
1.11,3.55
1.053,2.5
0.96,0.73
1.12,5.1
1.427,2.14
1.313,3.63
0.52,13.9
1.15,2.9
1.41,1.78
0.905,5.5
0.95,3.6
1.177,2.9
1.01,4.37
1.114,7.08
1.07,3.39
0.544,4.4
1.15,4.79
0.94,4.27
1.051,1.62
0.992,0.5
0.86,4.37
0.65,10.0
0.96,6.17
1.067,3.02
1.11,3.39
0.79,10.5
0.956,2.0
0.835,10.96
0.89,4.79
0.84,3.31
1.543,1.5
1.318,6.2
1.19,2.29
0.54,2.0
0.93,10.2
1.29,3.09
1.05,0.3
0.834,10.9
0.82,13.8
1.21,2.82
0.81,2.7
1.13,0.41
0.662,14.0
1.06,3.98
0.84,10.4
0.596,14.0
0.541,1.65
0.69,8.0
0.814,0.7
0.891,1.17
0.858,4.5
0.9,3.1
0.934,1.32
1.263,3.89
0.74,4.9
0.797,13.49
0.99,9.12
0.914,14.0
0.84,13.8
1.053,2.5
1.0,6.03
1.144,4.07
0.79,5.13
0.33,0.001
0.997,0.4
0.13,5.0
1.11,4.0
1.01,5.84
1.29,3.02
0.832,13.5
1.12,3.02
0.565,13.7
0.86,1.35
1.07,8.5
1.29,4.1
0.96,4.37
0.87,4.68
0.54,2.0
1.129,5.3
0.955,7.7
1.317,2.13
1.1,2.59
1.094,7.59
0.95,4.68
1.074,5.25
0.891,3.3
1.12,5.8
1.177,3.47
1.069,1.4
1.16,10.8
1.03,10.8
1.445,2.14
1.16,6.8
1.0,8.5
1.19,2.34
1.21,1.8
0.86,6.5
1.097,6.92
0.63,4.07
0.843,0.6
0.865,0.6
0.8414,6.3
1.249,4.3
0.809,6.5
1.296,2.01
1.2793,2.7
1.15,3.02
1.131,2.1
0.9,4.47
1.061,0.68
0.574,8.1
0.981,8.7
0.7133,10.5
0.9342,1.2
1.078,6.3
0.883,13.18
1.1,3.98
1.26,4.43
1.08,4.47
1.43,1.31
1.033,4.9
1.278,3.13
0.557,1.5
1.44,1.6
0.97,6.34
1.435,0.51
0.87,3.1
1.23,4.37
1.29,4.37
1.07,3.63
1.088,7.5
1.0269,2.4
0.935,2.8
1.063,4.4
0.968,3.4
0.967,4.9
1.19,11.0
1.39,1.9
0.613,13.9
0.997,4.0
0.864,7.4
0.89,4.37
0.91,3.39
0.936,9.8
1.318,2.2
0.832,9.9
1.12,0.65
0.944,6.4
1.008,7.3
0.876,9.7
1.06,3.89
0.92,2.88
0.91,8.0
0.98,3.63
0.96,4.37
1.044,5.01
0.998,0.4
0.959,0.04
0.719,7.0
1.536,1.99
0.7279,11.97
1.49,1.79
0.977,9.5
1.018,0.4
0.89,2.3
1.03,4.17
0.944,8.5
0.29,9.9
1.213,2.63
1.11,3.39
1.01,5.5
0.646,7.1
0.957,0.9
0.763,4.47
0.85,4.47
0.81,2.69
1.277,3.16
1.062,3.0
1.379,2.06
0.968,3.4
1.89,0.6
0.97,7.5
0.651,7.4
0.8801,2.5
1.02,0.4
0.6785,11.1
1.12,0.65
0.2101,6.35
1.077,5.1
0.59,0.8
0.89,3.0
0.796,5.9
1.078,3.6
1.042,6.3
0.8,0.36
0.87,4.17
0.849,7.8
0.93,5.0
1.08,3.47
0.948,12.82
1.277,3.16
1.03,2.42
1.22,3.31
1.25,2.9
1.0,1.0
0.98,0.6
1.37,3.47
1.318,6.2
1.025,6.1
0.984,0.21
1.213,6.3
0.96,9.8
1.148,3.55
0.87,5.0
0.8712,5.6
0.87,5.0
0.94,10.72
1.324,4.51
0.918,0.4
0.62,3.31
0.98,5.25
0.741,13.4
1.47,1.0
0.719,7.5
1.026,2.5
1.17,3.31
0.885,1.48
0.82,4.9
0.85,3.89
0.159,1.1
1.4352,1.823
0.93,4.79
1.18,2.57
1.11,6.76
1.31,0.3
1.21,2.41
1.229,4.79
0.331,5.0
1.017,0.4
0.891,3.3
1.317,2.13
1.47,1.88
1.16,6.8
1.14,0.1
0.864,2.6
1.4352,1.823
0.831,10.7
1.09,5.7
1.08,6.7
1.205,1.65
0.91,6.0
1.02,3.2
1.156,3.2
0.783,14.0
1.085,6.2
1.106,9.5
1.034,2.6
1.27,2.7
1.415,2.3
1.33,2.0
1.198,0.31
0.83,4.79
1.17,5.9
1.161,3.9
1.22,3.1
0.948,12.82
1.005,4.22
0.7941,6.6
1.489,2.36
1.336,4.0
1.03,2.1
0.8,4.9
0.98,5.01
0.837,8.6
1.411,2.17
0.46,3.89
1.36,4.67
0.784,7.24
0.94,4.57
0.914,0.93
0.88,6.1
1.03,3.72
1.317,3.02
0.987,10.7
0.94,10.72
1.209,3.2
1.255,4.66
1.166,6.9
1.16,3.31
1.18,2.19
0.7,3.55
1.048,5.7
1.125,2.29
1.573,1.894
1.08,3.8
0.51,2.5
0.954,3.6
0.901,7.8
1.242,0.69
0.93,5.7
1.008,9.6
1.248,2.69
0.7,0.001
0.925,7.1
0.73,4.37
1.171,5.908
1.187,4.74
1.147,4.7
0.951,4.4
1.041,5.9
0.837,8.6
1.413,2.9
0.897,4.2
1.47,1.88
1.073,0.95
1.06,5.89
1.325,4.9
0.87,0.212
1.28,2.2
0.653,6.88
0.852,1.15
1.09,5.7
1.011,5.7
1.564,1.861
0.98,4.37
0.81,2.69
0.983,2.04
0.925,9.0
1.33,2.0
1.89,0.6
0.917,3.0
0.77,14.0
0.94,1.62
1.32,2.57
1.09,3.55
1.158,0.29
0.7,4.27
1.04,3.8
1.111,0.3
0.913,10.6
1.153,1.7
1.12,3.09
0.13,4.5
0.728,7.24
1.172,5.7
1.51,1.55
1.274,4.9
0.722,3.1
1.042,6.3
1.18,4.57
0.921,5.25
1.314,2.88
0.96,3.89
1.091,3.0
1.02,6.03
1.028,0.3
1.012,3.6
0.76,2.57
1.33,2.34
1.03,3.72
0.759,12.6
0.97,4.0
1.04,0.3
1.05,4.37
0.95,4.07
0.577,13.8
1.16,4.37
0.98,4.37
0.964,7.3
0.882,12.88
1.208,4.79
0.978,0.5
1.03,2.14
1.414,3.72
1.09,3.39
0.71,2.95
0.979,4.8
1.39,2.3
1.14,3.09
1.137,5.37
1.21,1.51
0.907,13.9
1.14,1.91
1.14,0.53
0.97,0.5
1.05,3.3
0.478,4.0
0.83,5.13
0.994,1.5
0.93,6.6
1.01,3.72
0.968,8.91
0.99,3.16
1.062,1.23
1.13,0.43
0.825,0.79
1.101,6.31
0.979,3.16
1.03,3.63
1.18,3.71
1.04,4.4
0.91,13.18
0.78,2.69
1.51,3.1
1.007,0.3
1.098,0.3
0.84,4.68
1.56,2.4
0.592,13.9
0.96,6.0
1.19,4.27
1.01,3.63
0.96,2.75
0.97,1.48
1.03,4.27
0.747,13.8
1.1,0.8
0.98,6.17
1.037,1.82
0.86,4.68
0.67,13.7
0.89,4.07
0.965,3.0
0.827,6.31
0.626,13.9
1.095,7.76
0.92,2.88
1.33,4.36
0.96,1.48
0.865,3.89
1.1,3.55
0.957,5.2
1.144,3.89
1.195,2.95
0.99,0.4
0.72,14.0
0.844,1.6
0.96,4.47
1.05,5.25
0.911,0.6
1.05,3.31
1.003,6.7
0.708,1.7
0.57,3.89
1.13,2.88
0.913,1.74
0.666,14.0
0.8,5.25
0.85,4.47
0.87,9.33
0.8,0.36
0.74,4.3
1.105,6.46
1.187,2.82
1.078,5.37
1.095,7.7
0.73,4.9
0.94,4.68
1.03,1.5
0.96,3.55
1.05,3.55
1.1,1.0
0.94,4.17
1.173,3.55
0.87,4.37
1.54,2.7
0.85,3.98
1.229,4.79
0.96,7.0
0.974,0.4
1.02,4.07
1.104,0.3
0.41,4.0
0.58,0.8
1.277,3.16
0.98,4.47
1.01,5.25
1.06,5.0
0.87,7.41
0.58,3.39
1.08,6.46
1.59,0.5
1.72,2.1
0.95,5.5
0.99,3.98
0.73,2.0
0.868,0.6
0.79,4.57
1.024,1.78
0.81,4.9
1.2,0.63
0.976,0.4
0.8,4.9
1.12,3.55
1.1,7.5
1.035,2.4
0.874,10.72
0.98,4.47
0.96,7.9
1.16,3.14
1.228,4.47
0.887,2.14
0.996,0.4
1.04,3.72
1.13,0.48
1.178,6.43
0.914,13.9
0.951,1.51
0.96,8.6
0.868,0.6
0.85,5.13
1.11,3.47
1.005,6.61
0.82,4.79
0.934,0.4
1.14,3.02
1.122,1.49
0.78,4.37
0.891,3.3
1.22,3.1
0.9406,6.6
0.8,4.68
1.003,6.03
0.864,11.7
1.094,1.7
0.97,4.47
0.99,9.12
1.08,4.07
1.15,0.28
0.87,4.68
1.06,4.7
1.0,0.4
1.03,0.5
0.766,4.2
1.1,3.55
1.08,2.57
1.305,1.2
1.06,5.62
1.2,3.6
0.93,3.4
0.601,14.0
1.055,4.27
0.94,8.51
1.31,0.22
1.016,4.586
0.777,13.4
1.03,5.75
0.92,1.51
0.62,2.95
1.087,6.46
0.933,1.07
1.224,4.27
0.31,4.3
1.004,0.4
0.902,9.7
0.73,5.25
1.19,2.63
0.959,0.4
1.04,0.4
1.03,8.96
1.15,0.28
1.035,0.3
1.13,2.95
1.2,4.17
0.991,7.41
1.18,0.23
1.2,4.17
1.17,5.2
0.8,3.47
0.8,2.09
0.944,9.7
1.15,3.55
1.91,1.5
0.944,4.01
0.97,4.9
1.13,3.39
0.92,4.37
0.93,0.5
0.725,3.16
0.795,2.75
0.929,6.46
1.055,7.76
0.95,4.47
0.868,1.91
1.14,0.2
0.94,4.4
0.97,10.47
1.367,3.09
0.743,3.16
0.67,3.55
1.24,4.6
0.93,3.89
1.06,1.0
0.876,0.6
1.19,6.2
0.88,10.6
0.97,11.7
1.0,3.98
1.37,3.17
1.16,3.8
0.73,2.0
0.816,11.6
1.154,4.68
0.839,1.41
0.652,13.8
0.75,5.37
0.85,4.47
1.177,6.03
0.959,6.9
0.77,4.9
1.262,4.07
1.053,2.7
1.02,4.07
1.002,7.08
1.097,6.92
1.17,2.88
1.09,3.47
1.09,3.55
0.832,0.8
1.14,0.61
1.06,3.8
0.945,0.79
1.024,1.78
0.77,13.8
1.291,4.27
1.101,6.31
0.811,14.0
1.03,4.27
0.74,3.02
1.34,1.78
1.138,1.62
0.86,4.37
0.66,3.24
1.54,2.7
0.634,5.2
0.84,3.24
0.857,2.14
0.997,0.4
1.225,2.75
1.14,2.88
0.947,1.38
0.9,4.7
1.076,4.07
0.86,11.75
0.95,7.59
0.96,2.75
1.15,3.31
0.478,4.0
0.86,4.57
1.06,6.76
1.17,5.89
0.902,9.7
0.74,3.24
0.79,3.24
0.92,6.31
0.84,4.9
1.05,7.41
0.35,0.55
0.53,3.8
0.94,4.37
0.85,12.59
0.9,4.57
1.305,1.2
0.912,1.91
0.56,5.37
1.044,6.31
1.25,1.3
0.795,8.71
0.75,4.79
1.165,6.46
0.717,13.7
1.022,1.45
0.95,0.5
0.92,13.8
0.84,4.27
0.77,3.3
0.85,4.68
0.813,10.23
0.76,2.88
1.37,3.24
0.532,13.8
0.963,0.4
1.04,5.37
0.602,0.0
1.06,3.9
1.08,6.68
1.034,3.5
1.6,1.12
0.99,5.62
1.36,1.45
1.05,3.31
1.09,8.6
0.66,14.0
0.79,6.2
0.934,2.0
0.872,7.94
0.816,2.57
0.86,5.01
0.87,4.57
0.834,1.48
0.82,4.07
1.198,4.0
0.98,3.8
1.045,0.4
0.82,4.9
0.959,6.03
0.728,7.24
0.92,4.47
1.12,5.0
0.876,12.88
1.118,3.4
0.765,3.89
0.97,7.08
1.05,0.3
1.048,4.9
1.05,0.5
0.596,14.0
1.008,4.8
0.918,13.8
1.13,1.01
1.08,6.46
0.853,1.74
1.046,3.02
0.81,3.63
1.0,8.91
1.12,3.09
0.795,0.7
1.06,6.76
0.929,6.46
0.96,0.5
0.782,4.57
1.214,2.57
1.098,6.7
2.5,0.01
0.99,6.76
0.95,4.07
1.01,5.37
0.947,1.38
0.59,8.9
1.08,3.1
1.108,3.55
1.11,1.58
0.86,4.47
1.08,3.89
0.142,3.8
1.1,3.53
1.367,3.09
0.71,10.32
1.14,6.99
1.071,4.17
0.57,3.02
1.04,0.017
0.933,2.4
1.1,6.61
0.516,13.9
1.224,4.47
0.98,3.63
1.234,3.55
0.85,2.34
0.77,4.5
0.8,7.6
0.73,7.87
1.03,2.32
0.987,1.35
0.96,0.4
1.373,2.69
0.943,2.4
0.91,4.47
1.089,1.8
1.083,3.98
0.82,4.79
1.035,2.4
1.11,3.73
1.17,5.89
0.961,0.4
1.223,1.28
1.02,0.9
0.998,9.33
1.035,3.4
0.89,4.79
0.98,4.47
0.946,1.41
0.956,1.74
0.874,13.18
1.06,4.3
1.18,0.24
1.09,4.9
0.97,2.82
1.04,3.98
0.81,4.37
1.35,3.07
0.94,12.3
0.94,1.86
0.784,2.19
0.89,5.13
1.032,0.7
0.74,14.0
0.881,4.68
0.952,0.4
1.269,1.38
1.05,5.5
1.08,2.34
0.737,13.7
0.99,6.92
1.02,3.8
0.89,5.13
0.903,0.8
0.5,4.17
0.88,0.6
0.81,6.46
1.006,6.76
1.28,4.37
0.927,0.5
1.19,3.47
0.72,14.0
0.843,11.46
1.04,10.7
0.943,0.6
0.753,12.4
1.01,5.84
1.081,6.46
1.065,0.3
1.082,7.24
0.97,5.37
1.0,8.91
1.4,3.0
0.66,3.55
1.164,2.51
1.08,0.4
0.77,2.14
2.4,0.74
1.05,3.6
1.29,2.9
1.09,3.55
0.77,2.69
1.004,3.24
1.24,3.02
0.86,4.68
1.235,5.01
0.954,3.98
0.52,4.37
0.74,2.51
0.798,0.7
0.709,3.72
0.91,0.5
0.33,1.0
1.334,3.98
0.84,5.89
1.06,6.76
0.87,4.68
1.116,5.01
0.839,3.09
0.763,4.47
1.083,0.55
0.87,8.91
1.23,0.29
1.0,6.46
0.95,3.63
0.82,4.57
1.031,3.6
1.69,2.3
1.099,3.3
0.956,10.5
1.08,3.47
1.208,5.25
1.278,2.24
0.727,13.8
1.12,3.02
1.19,2.88
0.538,13.8
0.4,3.72
0.97,4.37
0.923,0.5
0.85,4.37
0.776,1.15
1.3,4.25
0.94,4.37
0.84,3.72
1.12,0.5
1.02,4.0
0.9,8.0
1.07,1.62
0.99,3.89
0.985,1.86
0.96,10.8
1.07,8.5
0.814,0.9
1.21,1.4
0.82,3.31
1.083,0.55
0.91,4.68
1.04,3.8
1.076,1.02
0.952,3.5
0.783,1.3
0.857,0.7
1.21,2.57
0.673,8.91
0.86,4.47
0.92,4.37
0.891,2.0
1.072,2.51
0.757,0.8
1.01,3.0
1.03,1.1
1.08,3.72
1.15,3.02
0.88,4.17
0.66,14.0
0.98,7.0
0.777,11.2
1.43,2.4
1.14,7.2
0.93,4.17
0.81,0.8
1.1,6.92
0.825,0.79
1.21,3.02
0.82,4.68
0.84,4.4
1.17,2.63
1.002,0.4
1.384,2.88
0.92,4.27
1.24,3.25
0.91,4.17
1.01,3.8
0.99,6.92
1.45,2.88
1.053,2.7
0.516,13.9
0.78,3.8
0.956,2.2
0.777,7.1
0.911,13.9
1.109,3.98
0.78,3.24
1.04,0.3
0.73,4.9
0.93,7.6
2.12,0.95
0.57,2.69
1.32,4.2
1.038,1.41
1.14,2.8
1.28,2.95
0.856,9.1
1.038,1.0
0.87,4.68
1.05,8.13
0.677,13.8
1.13,0.024
1.201,0.024
1.2,0.024
1.053,2.5
0.8,2.09
1.08,3.63
0.539,13.4
1.4,1.26
0.94,6.46
1.079,0.91
0.825,13.49
1.064,0.98
0.77,5.5
1.079,9.5
1.128,6.46
0.85,7.2
0.88,3.0
0.89,11.3
0.674,14.0
0.82,6.0
0.88,4.37
1.04,1.91
1.31,3.8
0.75,9.77
1.05,0.3
1.17,3.16
1.066,1.58
0.976,9.12
1.173,5.01
1.019,6.3
0.86,4.68
0.91,12.5
1.1,0.5
1.021,0.3
1.09,0.3
0.79,4.68
1.26,1.6
0.837,5.4
1.12,5.1
0.801,12.02
0.97,4.47
0.91,4.79
0.756,10.47
0.841,0.7
1.072,2.75
0.987,0.3
0.581,13.9
1.122,1.42
0.94,4.57
0.83,12.0
0.893,5.2
1.164,2.51
1.02,3.72
0.75,4.07
1.135,0.25
1.08,2.1
1.01,5.62
0.168,5.0
0.97,9.55
0.866,13.18
1.32,2.39
0.79,13.8
0.857,1.0
1.04,6.5
0.93,2.95
1.25,2.63
1.263,3.89
0.777,4.0
0.885,13.5
0.549,13.9
0.934,6.3
1.05,8.9
0.95,3.98
0.918,13.8
0.925,0.4
0.87,4.47
1.06,3.89
1.487,2.34
1.15,2.69
0.8,0.36
0.94,4.79
0.897,9.67
0.98,6.17
1.02,1.7
0.846,9.7
1.033,0.4
0.842,12.3
0.821,6.1
1.017,0.4
0.93,2.3
1.109,3.98
1.13,4.2
1.04,10.7
1.122,5.4
1.37,2.2
0.96,6.0
0.33,2.0
0.31,4.3
1.126,7.41
0.62,13.8
1.07,7.7
0.35,3.39
0.9,1.58
0.81,2.29
0.98,4.47
0.76,5.01
0.943,7.0
0.86,8.91
1.08,6.03
0.94,4.27
0.94,4.47
1.012,0.81
0.66,5.01
1.092,7.7
0.92,4.47
0.72,2.34
1.1,6.84
1.0,6.17
0.9,5.25
0.653,1.2
0.922,4.9
1.08,2.09
0.76,2.14
1.098,2.8
0.108,0.035
0.508,13.9
0.878,0.6
0.57,2.69
0.737,13.7
0.99,3.89
1.03,3.72
0.92,2.69
0.791,3.31
1.09,1.8
0.97,4.37
0.86,4.68
1.28,3.68
1.072,4.68
1.139,0.3
0.712,13.9
1.09,4.9
1.11,7.24
1.128,6.46
0.914,9.8
0.71,5.417
0.707,2.9
1.156,2.9
0.843,0.7
0.777,13.4
0.507,6.0
0.898,2.51
1.115,3.95
1.19,2.88
0.951,5.5
0.929,6.46
0.792,2.75
0.756,6.61
1.13,3.3
0.936,10.116
1.61,2.7
1.02,5.53
1.15,6.0
0.718,13.7
1.02,8.0
1.44,2.7
1.24,3.7
1.26,5.37
1.01,5.84
0.91,8.71
0.85,13.0
0.811,0.6
0.87,4.27
1.244,1.32
0.968,9.55
1.17,3.24
1.043,5.5
0.687,13.9
0.782,12.88
1.08,6.61
0.885,12.7
1.1,0.4
1.227,4.07
1.18,2.32
0.709,8.3
0.936,7.24
1.113,6.92
0.933,8.91
0.891,1.17
0.91,4.27
0.53,3.89
1.067,2.82
1.02,4.27
1.115,0.2
0.954,11.48
0.406,6.9
1.012,0.81
1.125,1.25
0.97,4.57
0.96,4.15
0.997,0.5
0.856,13.5
1.022,1.23
1.091,3.0
1.04,4.47
0.985,10.23
1.35,3.8
0.85,4.68
1.299,3.55
1.09,4.9
1.01,4.07
1.02,5.89
1.0,0.4
0.966,1.55
0.98,3.8
1.02,3.0
0.73,14.0
1.03,4.37
1.09,3.31
0.677,13.4
0.95,14.2
1.25,4.7
0.81,7.2
1.17,2.88
0.549,13.9
1.1,3.0
0.647,13.8
1.29,1.7
1.312,2.6
1.228,3.0
1.6,2.0
1.047,7.3
1.06,5.0
1.206,0.34
0.4,0.12
1.4,0.15
1.058,0.3
0.98,10.96
1.023,7.76
1.09,1.5
1.07,2.5
0.8,14.0
1.152,4.68
1.06,3.8
1.07,0.3
1.13,1.11
0.85,4.07
1.08,4.47
0.9,4.27
1.14,0.26
0.961,8.5
1.2388,3.1
0.83,4.79
0.951,0.4
0.845,7.41
0.918,13.8
0.97,0.5
0.788,6.8
0.95,4.9
0.985,0.4
0.879,0.8
0.91,4.47
1.05,7.41
1.047,6.76
0.4,3.09
0.79,4.68
1.584,1.91
0.996,0.4
0.602,13.9
0.743,3.16
1.055,0.91
0.946,1.41
0.669,13.9
0.704,13.9
0.79,4.79
0.917,14.0
0.88,4.47
0.822,14.0
0.94,4.68
1.271,2.69
0.878,12.02
1.05,0.3
0.547,14.0
1.13,3.8
1.18,2.34
0.775,6.76
1.41,3.05
1.31,3.47
0.9,4.17
0.72,3.24
1.088,6.61
0.75,6.89
0.72,3.63
1.5,3.35
0.92,8.4
0.99,7.76
0.055,0.4
1.04,3.89
0.961,3.34
0.83,4.1
1.07,8.5
1.22,5.2
1.06,3.47
0.994,1.5
0.814,6.1
1.05,0.3
0.975,10.8
0.98,4.27
0.819,4.57
0.7,13.8
1.06,4.27
1.09,0.9
1.0,12.02
0.84,4.37
1.198,4.0
1.09,5.5
1.322,2.4
0.859,0.5
0.994,3.98
0.906,10.72
0.69,2.4
1.205,3.89
1.72,2.0
0.933,2.4
0.958,0.4
0.83,13.18
0.54,2.0
1.61,2.4
1.0,7.0
0.96,7.9
0.56,0.0093
0.98,1.26
0.56,3.31
1.04,3.55
0.91,5.7
1.47,2.57
1.091,6.4
0.8,3.09
0.935,0.5
0.98,4.47
0.857,9.77
0.86,12.88
1.043,3.0
1.0,2.64
1.14,3.02
0.84,4.68
1.088,3.16
0.652,13.8
0.854,5.89
1.64,1.91
1.213,2.82
1.44,2.7
0.905,0.5
0.81,4.17
0.92,8.32
0.948,12.1
0.85,4.37
1.021,0.5
0.717,6.0
0.9,4.17
0.84,0.8
1.04,1.9
1.75,0.023
0.83,3.89
1.07,4.6
1.075,8.32
0.773,11.9
0.495,13.8
0.987,9.1
1.12,0.4
1.19,1.25
1.18,4.68
0.95,4.57
1.1,2.95
1.1,2.63
1.06,1.7
1.325,2.95
1.16,3.88
0.87,4.27
0.506,13.9
0.753,13.2
1.021,4.17
0.96,3.63
0.8,4.57
0.71,5.25
1.01,12.0
0.76,4.17
1.259,4.7
0.994,0.3
0.77,3.63
1.04,2.82
0.696,13.8
0.831,2.95
0.89,11.3
0.955,7.94
1.223,3.63
1.04,2.35
0.98,4.47
0.641,13.8
1.058,0.6
1.004,3.24
1.12,3.31
0.94,3.98
0.54,4.17
1.007,1.3
0.927,6.36
0.95,8.0
1.23,2.34
1.1,5.25
1.183,4.57
0.927,8.91
0.947,3.98
0.996,1.9
0.87,4.68
0.63,3.09
0.915,5.2
0.84,4.9
0.79,3.02
1.12,5.0
0.65,8.32
0.923,12.3
1.25,4.9
0.85,3.98
1.18,3.02
1.22,3.63
0.606,13.6
0.92,4.37
1.2388,3.1
1.04,8.3
1.15,3.31
0.86,4.47
0.96,0.4
0.916,12.88
0.93,1.3
1.106,5.62
1.015,0.4
1.32,2.24
0.987,4.9
1.355,1.95
0.76,13.9
1.11,1.58
1.05,1.82
0.923,12.3
1.08,6.46
0.977,6.4
0.84,4.37
1.039,7.24
0.928,0.98
1.3,2.29
1.0,4.27
0.911,0.5
0.825,0.79
0.84,4.37
0.93,4.17
1.1,0.3
1.067,2.82
0.961,8.5
0.95,8.0
0.729,3.8
1.021,5.3
1.3,4.0
1.069,3.24
1.033,8.51
0.664,6.1
0.99,4.17
0.784,2.8
1.0,6.8
0.626,5.0
1.229,4.79
0.79,4.37
1.13,3.24
1.19,2.82
1.254,5.1
0.884,9.0
1.37,1.11
0.996,0.3
0.98,2.7
1.03,0.3
0.96,4.07
0.86,3.63
0.978,7.59
0.853,1.26
0.7,3.47
0.834,0.87
0.876,2.4
0.75,14.0
1.171,6.46
0.98,4.47
0.92,3.55
0.83,4.9
1.09,4.0
1.108,3.55
1.19,3.3
0.716,11.48
0.752,4.68
1.02,9.77
1.244,1.45
0.884,9.12
0.93,3.98
1.045,6.31
1.09,3.09
0.61,13.9
0.87,4.27
1.19,1.88
1.22,2.65
1.06,1.7
0.779,5.89
0.52,3.72
0.982,5.6
1.03,5.5
1.18,3.24
0.756,1.0
1.2,3.55
0.687,13.9
1.141,4.57
1.192,1.7
0.856,3.09
1.03,2.4
0.758,13.8
0.986,6.46
0.546,13.9
1.12,0.3
1.16,3.02
1.05,0.4
1.21,1.05
1.23,2.19
0.865,3.89
1.01,0.3
0.5,4.17
0.891,4.9
0.798,1.7
1.2,0.63
1.14,1.91
1.12,3.31
1.001,0.4
1.12,3.31
1.14,0.26
1.06,3.98
0.98,4.79
1.06,1.6
1.057,0.3
1.057,0.3
0.906,7.1
0.51,3.89
0.91,4.79
1.46,2.67
1.08,3.89
1.098,2.8
0.936,9.9
1.07,8.5
0.97,4.9
1.047,9.5
0.827,6.31
1.08,5.01
0.83,4.57
0.93,4.57
1.171,4.0
0.878,0.6
0.93,4.57
1.08,3.02
0.936,5.3
0.848,3.47
0.016,5.0
1.22,3.58
0.698,7.94
1.15,2.9
0.98,4.47
0.754,1.0
1.05,7.59
0.978,2.4
1.13,4.37
0.825,0.79
0.841,0.7
0.97,1.48
1.17,5.13
1.08,3.7
0.93,10.23
1.021,0.5
1.04,4.27
0.99,4.27
1.02,5.2
1.2,4.79
0.706,12.88
1.01,7.2
0.649,1.0
1.222,5.01
0.96,11.3
1.023,6.76
0.715,8.9
0.718,11.0
0.79,3.63
0.589,13.8
0.686,13.7
0.941,10.0
0.85,2.69
0.713,13.6
0.777,11.2
0.38,4.37
0.791,1.62
0.816,11.6
0.79,4.27
0.933,1.07
0.93,4.68
1.071,0.4
0.891,1.17
1.019,7.94
1.07,3.47
0.957,0.9
1.04,3.63
0.867,2.19
0.507,6.0
0.956,1.74
0.995,0.89
0.912,14.0
1.426,2.45
0.997,0.4
0.95,10.0
0.571,4.4
1.16,4.37
0.713,13.6
0.717,6.0
1.07,2.5
1.07,2.5
1.07,4.07
0.98,1.66
0.993,0.6
1.152,0.6
0.81,4.37
1.03,2.09
0.849,8.51
0.93,4.57
0.86,4.27
0.95,1.62
0.75,2.24
0.87,4.57
0.898,0.5
0.537,13.5
1.11,7.24
1.024,0.6
1.414,3.72
1.05,3.63
0.594,1.3
0.89,4.17
1.02,5.25
1.21,4.34
1.01,4.07
1.08,0.3
0.97,5.37
0.519,14.0
0.883,8.13
0.699,6.8
0.85,4.68
1.04,3.72
0.76,4.68
1.11,3.31
1.01,0.5
1.01,4.17
1.03,3.89
0.759,13.9
1.08,0.2
1.15,0.76
1.15,4.27
0.96,4.57
0.85,4.57
0.96,4.68
1.125,2.57
0.57,3.47
1.037,1.82
0.777,2.24
1.25,3.09
0.908,9.1
1.64,2.19
1.108,4.57
0.91,1.41
0.95,7.2
1.16,4.37
1.007,0.95
1.03,9.0
0.71,8.71
1.16,1.58
0.88,4.47
1.03,3.63
0.965,7.9
0.78,3.24
1.15,4.47
0.593,13.8
0.964,1.4
0.97,3.5
0.95,7.59
1.02,4.07
1.14,2.62
1.055,4.27
1.09,3.02
0.94,4.57
1.39,1.91
0.743,3.9
0.777,7.1
0.575,1.3
0.85,3.31
1.0,4.57
0.857,11.48
1.009,0.4
0.763,4.2
0.77,3.3
0.85,4.17
1.34,2.4
0.852,9.12
1.152,4.68
0.941,0.4
1.07,4.57
0.808,0.9
0.514,13.8
0.78,4.57
1.06,3.3
0.941,0.6
1.08,0.3
0.85,4.9
0.955,0.4
2.5,0.005
1.105,6.46
0.847,12.59
0.95,1.86
1.002,9.8
1.2,2.88
1.076,0.4
1.229,4.79
0.922,4.9
1.18,4.37
0.94,4.68
0.722,3.1
0.99,9.12
0.86,3.72
1.14,0.53
0.95,4.17
1.08,5.13
0.83,14.0
1.27,4.365
1.01,1.0
0.748,12.8
1.18,2.69
0.915,5.2
0.76,2.51
1.0,6.46
0.6,3.16
0.839,3.09
0.701,2.88
0.825,11.75
1.1,8.4
0.988,0.4
1.01,4.07
0.92,4.17
1.1,4.57
0.85,0.005
1.271,3.2
0.82,4.79
0.94,4.7
1.295,4.24
0.808,3.0
0.9,0.9
0.989,7.59
0.558,13.9
0.85,13.5
0.918,0.4
0.73,2.0
0.95,0.4
0.825,3.8
1.2,4.17
0.98,4.68
0.82,0.8
1.082,4.68
1.237,4.37
1.043,8.0
0.853,0.91
1.024,1.78
0.987,4.17
0.956,0.4
0.581,13.9
1.08,3.55
0.828,0.96
1.09,8.6
0.88,4.47
0.95,3.24
0.85,3.98
1.11,4.43
0.981,10.96
0.755,3.16
1.03,6.4
0.903,13.18
0.97,9.55
1.01,3.72
0.916,13.7
1.47,1.66
0.81,2.34
0.553,13.9
0.9,5.25
1.2,2.88
1.071,0.3
0.683,13.4
0.863,6.17
0.514,13.8
0.798,3.6
0.85,12.7
0.97,3.72
1.17,0.25
1.01,4.15
1.07,8.91
0.937,9.8
0.683,13.4
0.51,3.89
1.09,0.3
0.89,8.9
1.06,3.7
0.925,0.5
0.972,4.7
0.81,4.17
0.8,8.0
0.77,4.27
1.091,7.94
1.13,4.0
0.922,6.0
1.283,2.82
0.76,2.88
1.367,2.29
1.06,3.98
1.02,7.2
1.3,2.69
1.001,12.39
1.0,4.68
0.92,4.57
1.05,2.5
1.07,3.63
1.15,3.02
1.244,5.25
1.96,0.014
0.753,0.9
1.06,6.46
1.11,1.77
0.97,4.27
0.97,3.98
0.85,12.7
0.78,4.0
0.923,1.1
1.11,3.72
0.96,0.4
0.98,4.9
0.951,5.5
0.89,7.41
0.976,0.4
0.98,3.89
1.207,4.68
1.08,3.31
1.94,1.41
1.481,2.29
0.922,4.57
1.45,1.66
0.94,5.01
1.005,4.0
1.03,5.75
0.686,11.48
0.8,13.3
1.52,0.115
0.7,13.9
1.19,0.4
0.644,13.9
1.24,2.57
1.125,2.29
0.946,0.89
1.09,3.63
1.04,0.3
0.879,0.5
0.98,4.47
1.08,3.47
1.0,4.17
0.89,1.82
0.883,12.88
0.92,4.47
0.98,4.57
1.314,2.88
1.088,2.45
1.06,3.3
0.85,4.79
0.991,4.27
1.178,4.27
0.914,9.8
1.072,2.51
1.1,3.24
0.895,0.5
0.86,12.88
0.74,3.47
1.18,2.95
1.09,3.31
0.96,1.35
1.012,0.3
1.1,2.84
0.96,3.55
0.878,0.89
1.145,7.2
0.984,7.2
0.95,5.5
1.021,5.5
1.32,2.57
0.926,9.58
1.145,5.5
0.861,13.18
0.816,6.31
0.95,1.62
0.82,4.9
1.9,1.73
1.295,4.24
1.076,4.68
0.82,4.5
0.854,1.78
0.666,13.9
1.11,6.0
1.06,4.3
1.06,4.3
1.1,1.6
0.73,7.87
0.888,5.37
1.015,0.4
0.761,5.5
0.85,4.79
0.933,1.17
0.958,6.0
0.22,5.13
0.94,5.01
1.0,4.68
0.919,13.8
0.935,0.6
0.983,7.24
0.754,9.12
0.813,0.6
1.1,0.3
0.836,0.7
0.81,8.6
0.91,4.47
0.56,3.24
0.902,1.82
1.03,4.17
0.868,1.91
0.955,8.32
1.44,1.7
0.628,13.7
0.63,2.88
1.29,4.1
1.38,2.0
0.78,2.29
0.927,12.0
1.21,4.0
0.852,9.12
0.9,4.27
1.07,1.0
0.844,0.6
0.64,3.47
0.926,4.5
1.038,1.41
0.764,11.0
1.05,4.47
0.719,13.8
0.86,4.68
1.055,1.6
1.028,0.3
1.089,1.8
1.112,5.5
0.933,10.0
1.13,1.71
1.08,5.01
0.901,7.76
0.94,6.17
1.137,5.37
1.18,3.55
1.104,6.03
0.78,13.9
1.11,4.0
0.97,2.4
1.01,5.62
1.0,0.102
1.36,3.8
1.91,1.2
0.75,4.8
1.13,6.6
1.25,3.0
1.06,2.7
0.9,3.2
1.028,6.76
1.15,2.55
1.013,3.55
0.851,12.59
0.86,2.45
0.943,0.8
0.93,3.0
0.796,14.0
0.7,3.98
1.047,7.94
1.002,0.4
1.055,6.46
2.17,0.95
1.09,7.77
1.04,3.3
1.04,3.3
1.3,4.9
1.21,2.41
1.38,4.0
1.09,8.6
0.98,3.2
1.22,4.75
0.729,3.8
0.99,4.1
1.11,3.39
1.04,1.51
1.1,5.25
0.959,4.17
1.1,0.3
1.16,2.88
0.548,14.0
0.787,10.96
1.198,4.2
1.038,0.76
1.37,2.63
0.938,9.77
0.953,5.6
1.177,2.4
0.943,0.8
0.684,14.0
0.864,11.7
1.06,5.5
0.418,1.6
1.02,1.5
0.969,0.4
0.8,2.09
1.25,3.09
1.056,8.6
1.07,4.37
0.658,1.6
0.81,4.27
1.263,2.95
0.86,2.45
1.09,8.6
1.07,7.7
1.054,2.5
1.103,2.69
1.17,3.16
1.09,4.57
0.84,3.31
0.97,4.44
1.12,2.95
0.562,13.9
0.86,4.27
0.92,6.31
1.27,4.85
0.65,3.98
1.46,2.67
0.912,1.0
0.83,0.8
0.823,13.8
0.65,3.39
0.58,3.09
0.86,4.27
1.17,3.0
1.03,5.75
0.96,8.32
1.3,2.04
1.007,0.95
1.0,4.27
1.35,0.7
0.977,0.4
1.14,3.02
1.16,2.95
0.958,6.0
0.905,0.5
1.09,6.7
1.09,5.13
0.84,3.31
1.081,7.94
0.94,8.51
0.88,4.47
1.02,3.66
0.79,2.69
1.192,0.89
0.822,13.49
1.04,4.1
1.08,3.55
0.93,5.5
1.14,5.01
0.856,3.09
0.96,4.37
1.13,2.95
1.006,6.76
1.142,5.13
0.91,4.17
0.73,2.0
0.856,3.09
1.0,4.68
0.912,0.5
0.509,13.8
1.019,6.3
0.713,13.6
1.04,4.07
0.516,13.9
0.87,4.68
0.849,12.3
0.818,13.18
1.002,7.94
0.819,1.9
0.838,2.3
0.83,4.79
1.066,7.59
0.982,6.03
1.22,4.07
1.31,1.78
1.033,8.51
1.03,0.5
0.84,10.9
0.811,5.01
1.25,1.03
0.858,11.48
0.9,4.37
0.788,12.3
0.89,4.68
0.82,4.47
0.94,4.57
0.84,5.01
0.92,4.57
0.828,0.9
0.988,0.4
1.025,3.4
1.136,2.88
1.07,4.57
0.846,10.5
1.02,3.8
0.949,1.35
0.592,13.6
1.09,4.5
0.878,0.89
0.92,4.17
0.99,6.1
0.537,13.5
1.23,3.98
1.37,2.63
0.46,4.07
1.013,1.15
0.676,13.8
1.03,3.55
1.02,5.5
0.89,8.9
1.6,2.3
0.75,2.45
0.67,13.7
0.915,2.88
0.94,4.57
1.11,3.09
1.189,2.29
0.86,4.6
0.824,0.6
0.931,2.51
0.864,11.7
1.035,3.4
1.12,0.6
0.687,14.0
0.84,4.9
0.72,2.34
0.997,5.37
0.978,0.5
1.002,5.2
1.072,4.68
1.07,3.47
1.18,2.58
1.15,1.95
0.331,5.0
1.07,7.7
1.14,2.69
0.904,1.86
0.516,13.9
0.602,0.0
1.1,3.53
0.86,3.72
1.066,1.58
0.96,7.3
0.772,13.3
0.841,0.7
1.16,2.88
0.79,13.9
1.12,3.39
0.982,0.9
0.824,0.7
0.87,4.57
0.58,3.16
1.05,5.25
0.73,1.82
0.82,6.0
1.0,8.91
0.95,5.01
1.18,4.37
1.128,0.2
0.885,8.8
0.881,1.74
0.82,4.68
1.44,1.29
0.883,2.34
1.14,2.7
0.88,8.4
0.974,0.4
1.2,5.5
1.29,3.98
0.94,6.76
1.487,2.63
0.848,3.47
0.86,2.29
1.01,3.63
0.83,4.79
0.86,4.79
0.91,4.27
0.877,1.82
0.97,0.5
1.213,2.82
0.977,6.1
0.55,3.47
1.12,3.09
0.966,6.61
0.87,4.68
0.808,2.04
0.902,1.82
0.85,4.79
1.185,4.09
1.14,2.9
0.933,8.91
1.13,8.2
1.1,0.3
0.959,0.4
1.06,3.55
0.72,3.63
0.799,2.34
0.94,8.9
0.84,4.37
0.844,6.92
0.51,3.89
0.717,6.0
0.019,0.001
0.66,2.88
0.84,4.9
1.17,5.2
0.76,6.46
0.565,1.2
0.88,4.68
1.036,3.6
0.927,0.5
0.909,14.0
0.85,4.79
0.975,0.4
1.05,4.47
0.97,3.63
1.045,0.3
0.91,0.5
0.86,4.27
1.02,3.89
0.88,4.68
0.9,4.57
0.883,3.813
0.65,8.32
1.056,0.4
1.022,2.75
1.31,0.22
1.042,4.17
0.512,13.7
0.69,3.63
0.63,4.47
1.24,4.4
0.949,5.4
1.07,4.37
0.95,4.07
1.06,1.78
0.91,4.47
1.5,2.8
0.95,3.98
1.116,2.75
0.759,14.0
0.79,1.47
0.988,8.2
0.592,13.9
0.984,7.2
0.9,10.47
0.855,0.6
0.547,13.9
0.95,6.31
1.14,3.09
1.04,6.92
0.59,3.16
1.021,0.3
0.908,1.1
1.18,0.89
1.128,0.2
1.27,5.04
1.236,0.98
0.89,12.1
0.8,13.6
1.15,5.89
0.87,4.68
1.03,3.89
1.02,5.4
1.65,1.29
1.12,7.75
0.931,12.02
1.002,7.94
0.65,2.63
0.84,4.9
0.73,3.98
0.713,3.39
0.81,4.9
1.14,0.41
1.06,3.63
0.88,4.68
0.818,13.18
1.013,3.55
0.88,4.79
0.784,0.8
0.97,1.7
1.029,0.3
0.516,13.9
1.11,3.09
0.95,3.24
0.89,11.22
0.916,14.0
0.55,3.16
1.12,3.09
0.9,12.2
1.0,3.8
1.16,7.04
1.17,5.9
1.189,3.39
1.41,2.34
1.027,4.17
0.79,13.9
0.83,2.0
1.154,4.68
1.09,3.55
1.08,3.89
0.99,4.37
0.94,5.65
0.96,0.8
0.82,4.9
0.856,12.88
1.51,3.1
0.85,4.57
0.78,2.88
1.13,2.54
0.635,13.9
1.0,4.07
1.28,4.2
1.022,5.9
1.136,6.92
0.7,4.27
1.21,4.07
1.2,4.79
1.034,7.41
0.549,13.7
0.81,4.47
0.931,0.7
0.606,13.9
1.02,5.2
0.96,3.55
0.95,6.03
0.862,0.7
1.16,4.37
0.87,3.89
1.11,4.43
0.87,7.59
0.99,3.89
0.957,3.09
1.133,3.8
1.034,9.8
0.758,11.23
0.81,5.25
0.8,2.57
0.88,4.79
1.069,7.957
1.43,1.74
1.45,1.7
0.84,4.9
1.07,0.3
0.853,1.26
0.97,0.7
0.996,8.32
0.31,0.0075
1.16,3.16
0.95,3.55
0.95,9.7
0.78,3.24
0.98,4.27
0.621,13.3
1.18,2.82
1.27,0.46
1.13,0.66
0.94,5.62
0.82,4.9
0.94,4.57
0.547,13.9
1.17,3.72
1.17,0.25
0.895,12.02
0.926,2.9
0.79,0.36
0.758,13.7
1.36,3.89
1.08,2.1
1.0,3.72
1.173,3.55
1.11,0.3
0.89,4.9
0.84,3.31
1.0,4.07
0.979,0.4
0.82,9.6
0.93,4.47
1.04,1.51
1.112,6.03
0.7,3.47
0.95,3.47
0.924,0.5
1.053,0.4
0.589,14.0
0.982,4.0
1.067,0.3
0.93,1.7
0.65,3.8
0.909,6.76
0.596,14.0
0.661,14.0
1.028,2.95
1.125,4.17
0.97,4.5
1.15,0.3
0.94,0.4
0.946,1.41
0.62,2.95
0.978,2.4
1.056,0.3
0.969,7.1
1.1,4.3
1.022,2.75
0.787,10.96
0.847,12.88
0.831,12.3
1.13,0.48
1.165,6.17
0.879,0.8
1.06,3.8
0.93,9.7
0.92,9.6
1.05,4.17
1.01,6.17
0.959,6.03
0.84,4.27
0.94,5.01
0.987,0.4
1.217,0.65
0.8,4.37
1.03,2.14
0.853,0.5
1.32,3.5
1.0,3.63
1.0,0.0027
1.001,0.4
0.732,14.0
1.053,2.7
0.81,2.51
1.07,0.5
1.188,1.82
0.91,4.47
0.99,0.4
1.02,9.4
0.84,4.68
0.98,3.89
0.82,3.63
0.94,6.76
1.12,1.1
1.14,4.19
1.101,6.5
0.97,1.7
1.15,3.47
1.0,4.27
1.011,5.0
0.8,4.9
0.803,3.98
0.853,0.5
1.155,5.13
0.988,11.6
0.31,2.0
1.19,3.24
1.12,1.35
0.84,13.9
1.04,2.35
0.753,0.9
1.41,3.24
0.96,7.4
1.067,7.2
1.1,3.55
1.34,2.09
0.946,1.2
0.66,2.88
1.04,3.89
0.86,0.7
0.59,3.47
1.37,2.2
1.03,1.5
1.223,1.28
1.076,1.02
0.82,11.6
0.95,10.0
1.08,3.63
0.904,4.17
1.207,6.072
0.856,5.3
1.001,0.4
0.916,2.9
0.932,9.33
1.0,4.17
1.18,0.23
0.99,4.27
1.05,9.2
1.1,4.4
1.08,4.17
0.54,4.17
0.73,1.82
0.997,0.98
0.962,5.62
0.823,12.1
1.05,4.27
0.73,2.0
0.86,3.24
1.01,4.17
0.801,7.9
1.067,0.4
0.768,1.66
0.986,0.4
1.142,6.61
1.17,2.88
1.083,8.13
1.02,0.3
0.87,8.91
1.15,3.02
0.62,3.31
0.816,2.57
1.02,5.2
1.05,0.5
0.784,4.2
1.22,2.84
1.018,1.6
1.21,1.4
1.32,2.57
0.83,2.0
0.78,4.0
1.14,2.88
0.5,10.0
1.37,3.17
1.044,0.6
0.9,4.68
0.888,5.37
1.19,0.24
0.982,7.94
0.834,0.6
1.15,2.82
0.788,12.3
0.824,1.4
1.13,1.71
0.662,14.0
0.649,1.0
1.05,8.71
1.12,2.32
0.987,9.1
1.14,4.9
1.1,3.63
0.986,6.46
0.83,13.9
1.1,3.39
1.165,3.44
0.83,4.68
1.11,3.47
1.02,4.17
0.495,13.6
0.7,6.2
0.52,3.31
1.17,5.2
1.06,6.03
0.85,4.57
0.976,9.12
0.71,4.9
0.96,2.2
1.23,2.45
0.866,13.18
0.78,4.68
1.14,3.98
1.035,0.3
0.996,1.9
0.88,4.79
0.961,8.5
0.9,4.57
1.108,4.57
1.037,1.82
1.04,3.6
0.68,3.63
1.18,2.95
0.88,3.14
0.703,7.59
1.31,4.12
1.021,0.3
1.0,5.7
1.076,3.98
1.079,5.01
0.963,2.88
1.02,3.98
1.14,0.53
0.86,3.63
0.575,13.9
0.99,1.79
0.93,11.75
1.054,0.3
1.08,4.17
0.91,9.7
1.059,7.76
0.96,4.68
0.51,3.98
0.827,10.72
1.08,4.3
1.343,3.87
1.203,2.45
0.95,6.03
1.38,2.8
0.89,4.57
0.919,1.8
1.1,0.3
0.83,6.61
1.29,1.7
0.8,5.01
0.92,3.98
0.788,12.3
0.9,1.55
1.111,0.2
1.34,4.3
0.77,1.86
1.11,4.6
0.66,14.0
1.24,3.7
1.001,0.95
0.777,2.24
1.1,7.24
0.984,7.76
0.72,13.9
0.77,13.9
0.82,4.5
0.98,4.79
1.034,0.4
1.17,6.2
0.83,5.13
1.021,8.2
1.25,2.75
0.84,4.68
0.77,2.24
0.993,1.6
1.14,0.53
0.81,14.0
0.962,1.8
0.643,3.5
1.02,4.17
1.02,7.76
0.769,3.24
1.16,0.85
1.18,3.24
1.15,0.23
1.08,6.61
0.85,12.2
1.8,1.7
0.982,7.94
0.361,0.8
0.57,2.69
0.77,2.57
0.64,1.0
0.82,3.63
0.965,11.22
1.07,4.37
0.93,4.37
0.991,4.27
1.03,0.5
0.867,0.91
0.907,11.75
1.226,5.5
0.803,9.55
1.05,3.7
1.22,4.07
0.93,2.63
0.762,11.4
0.86,6.45
1.035,0.3
1.209,4.94
0.62,3.89
0.847,12.3
0.84,3.72
1.1,7.5
0.92,4.57
0.844,6.92
1.003,6.03
0.98,4.27
1.08,3.89
0.65,3.63
1.037,5.62
0.92,8.32
0.79,1.82
1.12,4.17
1.02,9.4
0.767,1.45
0.48,4.17
1.126,5.13
0.97,2.82
0.85,4.47
1.3,2.24
1.22,0.36
0.686,11.48
1.06,3.8
0.94,8.42
0.761,5.5
0.96,3.89
1.05,4.5
0.9,4.68
1.01,10.65
1.086,5.01
0.54,3.8
0.794,2.14
1.0,3.9
1.195,3.8
1.198,4.2
1.18,4.57
0.758,11.23
0.915,2.88
0.887,2.14
1.1,3.72
0.843,4.9
0.948,10.47
0.8,1.1
0.538,13.8
0.792,0.7
0.97,2.45
0.93,1.91
1.002,5.2
0.933,8.91
0.988,8.2
0.856,7.59
1.202,0.26
0.67,10.0
1.06,3.5
0.751,6.92
1.36,2.75
0.875,7.94
0.725,3.4
0.96,11.5
1.18,2.38
0.913,4.5
0.95,4.79
1.38,2.15
0.74,4.47
0.96,2.82
1.02,2.1
0.914,0.68
1.041,1.62
1.034,7.41
0.93,1.91
0.891,4.9
0.718,13.7
1.16,0.55
1.03,9.33
1.4,0.79
1.26,1.3
1.081,7.94
1.155,5.13
0.78,6.0
1.05,5.25
0.96,4.37
0.52,8.38
1.03,4.27
0.834,13.49
0.79,13.9
1.28,2.63
0.93,4.57
0.94,6.61
1.016,3.02
1.25,2.63
1.18,3.39
0.976,0.4
0.908,4.4
1.11,3.31
0.955,0.5
0.89,4.37
1.187,4.3
0.801,9.3
0.677,13.9
1.09,0.47
0.906,14.0
0.97,4.9
1.25,2.45
0.869,7.94
1.188,3.01
0.9,4.57
0.972,7.4
0.77,4.5
0.756,3.53
1.06,4.3
0.77,4.5
0.738,3.2
0.97,3.5
1.04,7.59
0.959,1.0
0.92,4.47
1.01,4.47
0.946,9.4
0.8,13.9
0.634,5.2
0.87,0.9
1.0,4.27
0.92,4.68
0.78,2.29
1.075,0.3
0.94,3.98
0.934,0.4
1.05,9.0
1.12,3.49
1.06,4.3
0.567,13.9
0.93,4.47
0.97,9.55
0.943,0.6
0.743,3.16
0.97,5.13
0.927,6.36
0.9,4.57
0.82,4.47
1.01,7.71
0.92,4.68
0.95,8.0
0.97,4.47
0.883,9.4
1.01,3.47
1.189,3.39
1.08,2.5
1.024,6.92
0.74,13.6
0.982,7.94
1.101,4.27
1.076,4.802
0.9,9.1
0.94,1.62
1.025,3.4
0.94,8.42
0.631,14.0
0.898,13.8
0.88,4.47
1.49,3.24
0.676,14.0
1.09,8.51
1.22,2.51
0.97,4.37
0.74,14.0
1.22,0.16
0.928,3.9
0.73,3.72
0.737,1.0
0.98,0.4
0.78,3.24
1.119,4.37
0.777,13.4
0.79,5.25
1.012,3.6
0.72,2.34
0.782,4.57
1.15,3.31
0.79,4.79
1.228,3.55
1.001,12.39
1.05,0.4
1.081,2.69
0.96,0.4
1.07,6.2
0.831,10.0
0.84,4.68
0.91,13.18
0.85,4.37
0.821,0.79
0.91,4.17
1.09,3.55
1.26,2.29
1.31,0.89
0.87,4.27
1.0,4.37
0.63,3.09
0.81,4.0
1.04,3.89
1.046,3.02
1.2,2.0
1.019,6.3
0.78,2.29
0.809,5.4
0.96,4.27
1.342,2.4
1.0,4.68
0.701,7.9
0.478,4.0
0.95,1.66
1.34,3.3
1.21,0.34
1.16,3.47
0.99,4.07
1.0,0.0022
1.06,1.6
0.54,3.8
1.012,3.6
1.03,9.33
1.85,1.8
1.025,0.4
1.03,3.72
1.053,4.17
0.841,2.63
0.99,6.92
1.01,3.72
0.893,8.13
1.023,1.91
0.96,7.4
4.3,0.15
0.954,0.6
0.903,0.5
1.256,2.82
1.02,4.37
0.86,3.63
0.81,4.27
1.076,4.68
0.746,8.32
0.59,3.31
1.0,6.03
1.064,9.33
0.792,4.68
1.114,5.25
1.0,6.46
0.89,3.98
1.02,7.08
0.88,4.47
0.83,5.01
0.994,2.1
0.81,4.47
1.01,2.4
0.956,2.2
1.528,2.0
0.829,3.02
1.213,2.82
0.65,8.32
0.97,3.5
0.89,4.27
0.834,7.94
1.18,3.17
0.682,13.6
0.79,14.0
0.784,4.47
0.873,2.09
1.1,0.5
1.024,0.4
0.79,0.36
0.91,0.5
1.47,4.4
0.904,12.88
1.15,3.09
0.98,4.47
0.936,11.22
1.07,0.3
1.0,0.0027
0.969,0.4
1.3,2.29
1.079,9.5
1.21,4.34
1.29,3.98
0.673,8.91
0.86,2.45
0.992,6.03
0.882,1.91
1.179,0.68
1.01,3.4
0.66,3.55
1.04,3.39
0.95,1.86
0.54,3.72
0.32,1.0
0.881,4.68
1.29,4.87
0.865,4.77
0.98,5.25
1.468,2.45
0.95,4.17
0.867,1.35
0.913,0.5
0.84,6.6
1.02,8.0
0.72,5.62
0.8,2.82
0.13,5.0
0.84,8.5
0.8,14.0
0.98,0.4
0.8,3.63
1.235,5.01
1.07,8.5
0.92,4.37
0.834,10.9
0.94,5.13
0.96,4.79
1.05,0.4
0.98,4.37
0.986,6.46
0.91,13.18
1.03,4.37
1.041,8.91
0.857,12.59
1.17,3.16
0.966,6.61
0.945,3.47
0.649,1.0
0.506,13.9
0.89,11.3
0.878,4.68
1.164,3.8
1.1,7.1
1.16,3.31
1.1,4.27
0.977,6.4
1.07,3.55
1.09,0.3
0.73,2.0
0.95,7.2
1.4,1.62
0.98,8.3
1.038,5.25
0.92,4.79
1.226,5.5
1.312,2.6
0.854,2.34
1.02,4.0
1.244,5.25
1.04,4.17
1.01,0.3
1.08,7.41
0.559,13.9
0.85,4.57
0.839,13.18
0.81,4.27
1.24,6.0
1.291,4.27
0.88,4.79
1.159,0.35
0.93,4.27
0.84,5.37
1.189,3.39
0.939,0.4
0.857,4.07
2.1,1.14
1.04,0.4
1.62,1.32
0.575,13.9
0.92,4.79
1.134,3.2
0.916,2.9
1.47,2.75
0.581,13.9
0.773,0.8
0.713,13.9
0.995,0.51
0.72,2.34
0.782,4.57
0.72,2.34
0.84,4.79
0.867,7.94
1.041,8.91
1.094,7.59
1.034,1.48
1.17,7.1
1.15,3.09
1.08,0.3
1.08,6.61
0.91,0.5
0.694,13.8
1.03,4.37
0.849,8.51
1.15,0.28
0.926,9.58
0.858,9.55
0.73,13.9
1.017,1.78
0.454,4.2
1.03,4.9
1.11,4.68
1.04,3.89
0.58,3.16
1.25,0.22
0.696,14.0
0.61,13.9
1.018,6.31
0.773,0.8
0.933,1.07
0.918,8.2
0.954,3.98
0.916,2.69
0.752,1.51
0.947,7.5
1.11,7.76
0.87,4.68
0.9,4.47
1.171,2.3
1.139,0.93
0.922,4.9
0.744,7.0
1.05,9.0
1.055,0.5
1.015,0.4
0.77,2.69
0.87,0.98
0.77,13.7
0.97,9.55
0.8,4.9
1.03,7.7
0.83,5.13
1.541,2.4
1.18,2.81
0.66,3.24
1.02,4.0
1.11,0.4
1.03,4.37
1.16,0.69
0.94,4.47
0.9,4.57
0.722,3.1
0.962,5.62
0.908,0.4
1.043,3.0
0.73,2.0
0.581,13.9
0.884,7.2
0.55,4.17
1.01,3.72
0.075,1.0
0.97,10.1
1.277,3.1
1.0,4.83
0.8,0.36
1.003,7.0
0.718,5.89
0.854,0.6
1.06,2.8
0.96,3.55
1.34,1.7
1.07,2.6
0.86,1.35
1.19,1.48
0.92,7.7
0.854,1.78
0.98,3.89
0.94,5.01
1.003,0.4
0.816,8.7
1.13,3.02
0.97,0.5
0.86,12.88
0.69,3.63
0.82,4.68
1.083,5.4
0.957,8.32
0.72,2.34
0.939,6.8
1.129,0.28
1.088,6.61
1.2,2.82
1.16,3.09
1.05,0.4
1.21,2.69
1.233,1.7
0.547,13.9
0.85,0.01
0.541,13.4
1.12,1.3
1.28,4.21
0.79,0.35
0.81,2.63
0.991,4.27
0.586,13.8
0.857,0.7
0.934,0.4
1.189,2.29
0.94,4.17
0.62,2.95
0.998,0.3
1.128,6.46
0.9,4.57
0.809,6.9
0.97,4.79
0.92,4.17
1.114,7.08
1.313,1.9
0.959,6.03
1.433,2.04
1.18,2.19
0.94,3.98
1.174,5.13
0.94,1.62
0.73,6.31
0.97,0.5
0.97,4.47
0.84,5.89
0.914,14.0
0.9,0.98
0.92,10.7
1.061,9.12
1.19,2.75
0.95,4.8
0.77,2.82
0.9,0.01
0.89,4.37
0.881,3.7
0.748,2.69
0.79,3.8
1.013,1.15
1.07,0.3
0.916,5.1
1.06,3.55
0.833,0.7
0.585,4.3
1.012,3.55
1.075,2.2
0.94,3.98
0.48,4.17
0.98,3.09
1.248,2.69
0.93,6.6
0.82,4.68
0.8,3.02
1.02,6.61
0.988,11.6
0.916,2.69
0.793,6.9
1.18,3.39
0.96,7.9
0.97,4.17
1.037,5.62
1.02,4.07
0.725,4.37
0.93,7.6
1.2,3.55
0.908,10.9
0.726,14.0
1.127,2.3
1.18,3.24
1.101,6.31
1.295,4.24
0.83,6.61
1.13,7.76
0.789,3.5
0.97,1.78
1.16,3.8
1.291,4.27
1.006,1.86
0.78,4.0
1.253,2.391
1.12,2.0
1.21,3.61
0.966,1.55
0.85,8.5
0.605,13.6
0.99,3.72
0.576,13.9
0.8,2.57
1.04,3.3
0.904,4.17
0.99,3.98
0.801,0.7
1.08,3.55
1.18,5.69
1.0,5.5
0.94,6.61
0.918,14.0
1.07,3.47
1.176,3.39
1.057,4.37
1.094,1.07
0.995,0.51
1.057,0.3
0.885,3.72
1.271,2.69
1.0,2.24
0.93,9.0
0.68,14.0
0.834,1.48
1.06,6.92
0.85,12.7
1.07,3.47
0.918,1.8
0.792,4.27
1.09,3.63
0.99,5.62
1.0,3.9
0.86,4.68
1.44,2.57
1.042,4.17
1.18,4.37
0.931,2.69
1.028,0.3
1.081,2.69
0.933,1.17
1.23,3.0
0.635,13.9
1.01,3.8
0.87,3.63
1.08,4.17
0.842,12.3
1.2,2.75
0.94,4.47
1.27,0.46
1.08,0.4
1.02,7.76
1.24,2.51
0.857,12.59
0.854,12.3
0.745,7.2
3.75,0.01
0.93,5.62
0.93,4.68
1.13,1.01
0.737,1.0
0.91,4.47
0.806,3.8
0.79,5.13
1.07,4.07
0.94,0.4
0.972,3.98
0.952,9.12
0.88,3.14
1.204,2.0
0.96,4.17
0.966,6.61
1.05,2.9
1.342,2.4
0.86,4.57
0.87,4.57
1.208,4.508
1.15,3.24
1.1,0.3
1.19,3.24
0.94,4.47
1.05,4.9
0.904,4.17
1.52,2.34
0.921,11.75
0.865,3.89
0.844,12.7
1.022,1.45
0.78,3.89
0.595,14.0
0.96,4.57
0.845,7.41
1.08,2.71
1.231,4.46
1.0,0.002
1.11,1.48
1.021,4.47
0.81,4.57
0.87,0.98
1.02,4.79
1.019,7.08
1.04,3.98
0.923,12.3
0.8,14.0
0.79,3.02
0.838,3.39
0.6,3.31
1.12,0.5
1.38,4.0
0.84,4.9
1.08,4.4
0.89,4.37
0.783,13.8
1.09,3.8
0.698,7.94
0.67,14.0
1.13,3.09
1.03,3.72
0.885,8.8
1.094,7.59
0.83,4.79
0.648,6.8
0.973,6.31
1.09,5.5
1.58,1.35
1.0,4.37
1.44,2.57
0.665,13.9
1.401,2.57
1.299,3.55
1.01,2.09
0.626,5.0
1.11,8.0
0.984,7.2
0.99,4.17
0.142,3.8
1.426,2.45
0.81,4.57
1.189,2.747
0.549,13.7
0.753,13.2
1.06,3.55
1.05,7.59
0.986,6.46
1.051,0.4
1.091,6.17
0.75,3.72
0.9,4.57
0.9,2.34
1.01,5.37
0.73,4.79
0.85,3.98
0.98,2.51
0.73,3.39
0.643,13.9
1.12,3.39
0.935,0.578
1.21,3.31
1.108,3.55
0.38,4.37
1.09,0.3
0.8,5.37
0.97,4.47
0.631,14.0
1.01,3.63
0.549,13.9
1.3,2.14
0.763,6.03
1.49,1.62
1.1,3.16
1.233,3.31
0.542,2.9
0.76,2.88
0.99,3.98
0.76,13.7
1.22,2.82
0.85,4.57
1.04,4.37
0.77,3.63
0.994,1.41
1.35,4.2
1.04,4.07
0.914,0.93
1.021,5.3
0.587,13.9
1.01,7.2
1.03,3.89
1.213,3.39
0.92,5.89
1.173,5.01
0.843,0.7
1.19,2.88
0.873,12.59
0.94,7.76
1.081,2.69
1.19,4.9
1.212,3.98
0.905,0.5
0.99,4.37
1.098,4.07
1.208,4.79
0.7,5.75
1.081,2.69
1.01,7.41
1.06,7.0
0.777,2.24
0.98,8.3
0.76,2.88
0.22,5.13
0.849,0.55
0.97,4.07
0.959,6.03
0.85,7.4
0.95,4.79
0.953,3.63
1.482,0.0121
1.397,2.24
0.808,0.7
0.99,6.92
1.525,2.14
0.883,5.37
1.02,5.89
0.82,4.9
1.06,0.4
1.1,4.57
1.33,2.14
1.07,3.16
1.269,1.38
0.93,2.63
0.99,5.1
1.11,4.6
0.664,6.1
0.971,0.4
0.85,12.59
1.571,1.95
0.941,0.6
0.807,12.9
0.886,9.2
0.872,2.95
0.933,8.91
1.16,4.57
1.297,1.5
1.18,0.23
1.26,3.52
0.99,0.6
1.2,4.28
1.235,2.88
0.88,4.47
0.971,1.95
1.11,0.8
1.07,6.46
1.05,0.4
1.0,4.68
1.24,2.57
1.0,9.0
1.5,2.8
1.15,1.95
0.979,8.71
1.25,3.0
0.87,12.02
0.81,2.63
0.978,7.59
1.06,3.89
1.31,2.19
1.87,1.35
0.95,3.98
1.02,1.7
1.1,0.2
0.998,6.6
0.291,4.4
0.97,4.17
0.8,13.8
0.82,13.8
0.794,4.0
1.025,0.4
0.878,2.4
1.01,3.2
0.961,8.5
1.0,4.17
1.68,1.8
0.687,14.0
0.841,7.76
0.86,10.47
0.918,14.0
0.856,13.5
0.83,4.3
0.142,3.8
1.339,2.4
1.207,0.88
1.06,5.5
0.81,2.09
0.787,0.7
0.325,0.1
0.96,1.86
1.093,7.08
0.959,0.4
0.43,2.0
0.73,2.0
0.82,4.9
1.31,2.4
0.35,6.8
1.36,1.45
1.41,4.0
1.26,5.36
1.11,1.77
0.95,2.4
1.28,3.12
0.844,12.2
0.99,4.8
0.793,1.2
1.006,0.4
0.859,0.5
1.15,3.31
1.17,0.2
1.22,2.7
0.64,1.0
0.79,0.36
1.17,2.73
0.75,9.77
0.81,2.63
0.918,0.4
1.021,7.0
1.015,2.0
0.92,4.68
1.05,2.9
1.04,8.3
0.75,4.07
0.825,7.41
0.825,0.6
0.534,13.9
0.764,8.71
1.024,0.5
1.112,3.8
0.816,13.9
1.037,0.5
1.076,5.25
0.958,1.15
0.78,4.68
1.01,4.17
1.0,4.07
0.823,13.8
1.03,4.17
0.859,0.6
0.982,6.03
0.85,4.9
0.86,12.1
1.26,2.29
0.85,3.63
0.9,4.9
1.1,6.61
0.831,3.02
0.919,0.5
0.857,13.8
0.694,4.17
1.424,2.88
0.574,13.9
1.18,1.2
1.14,3.2
0.93,4.27
0.977,6.4
0.73,2.0
0.8,13.9
0.9,14.0
0.811,5.01
0.811,5.01
0.786,13.8
1.07,3.72
1.46,2.57
0.793,2.24
0.9,4.17
1.0,3.72
0.927,3.5
0.945,1.32
0.951,10.0
0.794,2.14
0.81,4.47
1.14,3.09
0.883,9.4
0.92,1.51
0.75,13.9
0.74,3.47
0.671,13.9
0.982,9.33
0.983,7.24
0.772,8.6
0.91,11.0
0.81,4.79
0.993,0.4
1.34,4.3
1.125,3.7
0.999,0.4
0.32,1.0
0.56,3.31
0.75,6.0
1.03,3.55
0.9,4.37
1.004,3.24
1.204,2.0
0.98,3.98
0.84,4.47
1.053,4.17
1.12,3.11
0.98,9.33
1.37,3.24
0.88,4.47
1.11,3.24
0.834,13.7
1.0,6.61
1.01,8.32
1.038,5.25
0.79,13.9
0.91,13.18
1.078,0.919
1.02,9.0
0.852,8.8
0.05,0.001
1.047,7.3
0.33,2.0
0.33,2.0
0.871,10.72
1.1,1.4
0.781,9.9
0.839,1.3
0.783,1.3
0.85,4.68
1.07,0.4
0.91,8.0
1.15,0.57
1.28,4.37
1.12,3.39
1.094,5.62
1.12,0.3
1.16,2.82
1.21,2.82
1.0,2.0
1.006,1.86
1.07,2.75
0.84,4.79
0.891,8.1
1.15,4.27
0.788,12.3
0.86,4.57
0.923,0.5
0.97,3.72
0.956,9.55
1.177,2.9
0.956,1.74
1.5,1.76
0.8,0.79
0.77,0.79
0.98,8.4
0.982,7.94
1.38,2.15
0.96,4.07
0.404,3.2
0.828,0.9
0.79,13.7
0.547,14.0
1.03,4.37
0.982,5.6
0.85,4.68
0.927,0.5
0.865,13.4
0.84,4.68
1.08,3.16
0.701,2.88
0.94,5.13
1.09,4.5
0.89,4.79
0.773,11.9
0.76,5.62
1.4,3.0
1.4,12.5
1.76,0.0165
1.27,5.7
0.32,1.0
0.78,5.2
1.053,4.192
1.02,7.6
0.89,7.4
1.08,5.63
1.072,2.75
1.02,4.17
0.651,7.4
1.2388,3.1
0.72,13.8
1.17,3.39
0.908,8.5
0.976,7.76
0.82,5.62
1.02,5.89
0.927,9.12
0.702,13.9
1.49,1.58
0.957,2.9
1.083,8.13
0.97,4.07
0.902,9.7
1.22,1.35
0.71,13.9
1.174,5.13
1.295,3.2
2.4,0.003
0.549,13.9
1.179,0.68
0.269,6.8
0.918,1.8
0.36,0.0075
1.139,2.59
5.5,0.015
0.923,10.96
1.082,0.4
0.843,0.6
0.95,4.68
0.507,6.0
0.86,0.9
0.4,3.72
0.777,13.4
0.78,4.57
0.78,7.76
0.878,2.4
0.98,5.25
1.27,0.46
1.13,4.37
0.552,13.6
0.764,3.31
1.082,4.68
1.09,3.02
0.58,3.39
0.937,8.2
0.947,1.38
1.04,3.98
0.96,7.56
0.957,0.9
0.96,4.27
1.043,5.5
0.947,1.38
0.994,1.41
1.1,5.25
0.823,13.8
1.008,4.8
0.874,11.3
0.75,3.63
0.95,5.5
0.908,5.62
0.578,1.6
0.631,14.0
0.9,14.0
0.803,3.98
1.03,4.37
0.9,4.37
0.78,4.5
0.94,4.68
0.975,3.0
1.0,7.0
1.09,2.0
0.766,7.08
0.54,2.0
0.81,4.57
1.19,3.09
1.18,3.37
1.0,2.45
0.85,4.57
0.958,0.6
0.793,2.24
1.2,4.79
0.784,7.24
0.94,4.57
1.244,1.32
1.31,0.22
0.9,5.25
0.95,6.03
0.995,0.89
1.14,0.26
0.95,0.4
1.1,2.74
0.86,2.69
0.828,0.9
1.191,3.89
0.95,4.27
1.23,1.34
1.035,2.8
1.41,2.88
0.88,4.37
1.08,2.0
1.07,7.7
0.981,10.96
0.84,3.24
1.2,4.79
0.976,0.3
0.85,4.37
0.987,0.6
0.587,13.9
1.06,1.86
1.672,2.19
0.97,4.37
0.84,4.57
1.034,4.8
0.971,1.95
0.931,9.3
1.04,3.72
0.82,4.9
1.577,1.95
1.05,4.17
1.1,0.9
1.091,4.9
1.21,2.63
0.788,0.7
1.07,3.8
1.003,6.7
0.776,1.78
0.923,0.5
1.128,0.2
0.95,7.59
0.86,2.45
0.921,11.75
0.96,1.45
0.9,4.37
0.84,3.72
0.71,4.9
1.047,6.76
0.857,11.48
1.342,2.4
0.93,5.5
0.782,4.57
0.95,3.72
0.79,14.0
0.896,0.5
0.98,1.26
0.79,10.5
1.01,4.68
0.79,4.68
0.94,4.27
0.94,4.47
0.478,4.0
1.313,3.63
0.98,4.27
0.825,0.6
0.664,6.1
0.4,3.09
0.99,4.47
1.41,3.09
0.8,4.68
0.83,4.9
1.09,2.7
0.51,3.89
1.02,4.07
0.78,4.27
0.92,4.79
1.153,4.37
0.661,2.0
1.15,3.02
0.92,4.57
0.944,2.49
1.23,0.82
1.055,6.0
1.015,6.31
1.09,4.27
1.098,4.47
0.587,13.9
1.008,9.12
0.96,5.5
1.145,5.5
0.747,1.58
0.78,3.8
0.886,12.88
1.14,3.16
1.09,3.55
1.01,4.27
0.772,13.9
0.928,2.24
1.01,5.37
0.72,13.7
0.95,4.9
1.057,0.3
1.023,1.9
1.27,2.29
0.634,5.2
0.559,13.8
0.87,4.57
1.07,0.3
0.965,8.13
0.897,8.2
1.22,2.82
1.129,5.3
1.112,1.66
0.972,1.74
0.88,4.57
0.51,4.27
0.863,0.6
0.58,13.8
1.01,5.37
0.864,11.7
0.87,4.47
0.87,4.9
1.156,0.4
0.96,3.98
1.05,3.55
1.076,2.95
1.002,3.31
1.1,3.47
1.493,2.75
0.914,0.93
0.91,8.1
0.81,4.27
1.0,4.07
1.04,3.55
1.04,3.98
0.8,3.89
0.94,4.57
1.022,2.0
1.09,0.3
0.648,6.8
0.946,1.41
0.96,4.68
0.9,2.34
0.51,3.89
1.028,2.95
